"id","gl_id","label","datering_start","datering_slut","periode","materiale","keywords","beskrivelse","getty","getty_match","getty_label","fish","sortering"
"dime.find.coin","dime.find.class.coin;dime.find.subtype.coin.foreign.unknown;dime.find.subtype.coin.modern;dime.find.subtype.coin.danish.unknown;dime.find.subtype.coin.foreign.unknown;dime.find.subtype.coin.danish-mid;dime.find.subtype.coin.danish-other;dime.find.subtype.coin.other;dime.find.subtype.coin.unknown","Mønt",,,"dime.period.undated","dime.material.unknown","mønt",,"http://vocab.getty.edu/aat/300037222","exact match","COINS (MONEY)",,"2"
"dime.find.coin.danish_civilwar","dime.find.subtype.coin.danish-civilwar","Dansk borgerkrigsmønt (1242-1380)","1241","1380","dime.period.medieval","dime.material.copperalloy","bm;mønt",,"http://vocab.getty.edu/aat/300194573","close match","LATER WESTERN WORLD COINS",,NULL
"dime.find.coin.danish_ma",,"Dansk middelaldermønt",,,"dime.period.medieval","dime.material.unknown","mønt",,"http://vocab.getty.edu/aat/300194573","close match","LATER WESTERN WORLD COINS",,NULL
"dime.find.coin.danish_ma.danish_ema","dime.find.subtype.coin.danish-early","Dansk tidlig middaldermønt (1067-1241)","1067","1241","dime.period.medieval.early","dime.material.unknown","mønt",,"http://vocab.getty.edu/aat/300194573","close match","LATER WESTERN WORLD COINS",,NULL
"dime.find.coin.danish_ma.danish_lma","dime.find.subtype.coin.danish","Dansk senmiddelaldermønt (c. 1380-1535)","1380","1535","dime.period.medieval.late","dime.material.unknown","mønt",,"http://vocab.getty.edu/aat/300194573","close match","LATER WESTERN WORLD COINS",,NULL
"dime.find.coin.danish_ma.danish_lma.hvide","dime.find.subtype.coin.danish.hvide","Hvide","1380","1535","dime.period.historic","dime.material.silver","mønt;middelalder",,"http://vocab.getty.edu/aat/300194573","close match","LATER WESTERN WORLD COINS",,NULL
"dime.find.coin.danish_ma.danish_lma.klipping","dime.find.subtype.coin.danish.klipping","Klipping","1380","1535","dime.period.reformation","dime.material.silver","mønt;middelalder",,"http://vocab.getty.edu/aat/300194573","close match","LATER WESTERN WORLD COINS",,NULL
"dime.find.coin.danish_ma.danish_lma.soesling","dime.find.subtype.coin.danish.søsling","Søsling","1380","1535","dime.period.historic","dime.material.silver","mønt;middelalder",,"http://vocab.getty.edu/aat/300194573","close match","LATER WESTERN WORLD COINS",,NULL
"dime.find.coin.danish_ma.danish_lma.sterling","dime.find.subtype.coin.danish.sterling","Kobbersterling","1380","1535","dime.period.medieval.late","dime.material.copper","mønt;middelalder",,"http://vocab.getty.edu/aat/300194573","close match","LATER WESTERN WORLD COINS",,NULL
"dime.find.coin.foreign_ma","dime.find.subtype.coin.foreign;dime.find.subtype.coin.foreign.other","Udenlandsk middelaldermønt (1067-1535)","1067","1535","dime.period.medieval","dime.material.unknown","mønt",,"http://vocab.getty.edu/aat/300194573","close match","LATER WESTERN WORLD COINS",,NULL
"dime.find.coin.foreign_ma.hohlpfennig","dime.find.subtype.coin.foreign.hohlpfennig","Hulpenning","1067","1535","dime.period.historic","dime.material.silver","mønt",,"http://vocab.getty.edu/aat/300194573","close match","LATER WESTERN WORLD COINS",,NULL
"dime.find.coin.foreign_ma.sterling","dime.find.subtype.coin.foreign.sterling","Sterling","1067","1535","dime.period.medieval","dime.material.silver","mønt;engelsk;england",,"http://vocab.getty.edu/aat/300191932","close match","POUNDS (COINS)",,NULL
"dime.find.coin.foreign_ma.tournois","dime.find.subtype.coin.foreign.tournois","Tournois","1067","1535","dime.period.undated","dime.material.silver","mønt;fransk;frankrig",,"http://vocab.getty.edu/aat/300037240","exact match","GROS TOURNOIS",,NULL
"dime.find.coin.foreign_ma.witten","dime.find.subtype.coin.foreign.hvide","Witten (Nordtysk/Hansa)","1067","1535","dime.period.undated","dime.material.silver","mønt;hansa;nordtysk",,"http://vocab.getty.edu/aat/300194573","close match","LATER WESTERN WORLD COINS",,NULL
"dime.find.coin.modern_danish","dime.find.subtype.coin.modern-danish","Nyere dansk mønt (efter 1535)","1536","2020","dime.period.reformation.modern","dime.material.unknown","mønt",,"http://vocab.getty.edu/aat/300194573","close match","LATER WESTERN WORLD COINS",,NULL
"dime.find.coin.modern_foreign","dime.find.subtype.coin.modern-foreign","Nyere udenlandsk mønt (efter 1535)","1536","2020","dime.period.reformation.modern","dime.material.unknown","mønt",,"http://vocab.getty.edu/aat/300194573","close match","LATER WESTERN WORLD COINS",,NULL
"dime.find.coin.regnepennig","dime.find.subtype.coin.jeton","Regnepenning","1067","2020","dime.period.historic","dime.material.unknown","mønt",,"http://vocab.getty.edu/aat/300191481","exact match","JETTONS",,NULL
"dime.find.coin.roman","dime.find.subtype.coin.roman.other;dime.find.subtype.coin.roman;dime.find.subtype.coin.roman.unknown","Romersk mønt",,,"dime.period.iron.early","dime.material.unknown","mønt;romersk;byzantinsk",,"http://vocab.getty.edu/aat/300194572","close match","EARLY WESTERN WORLD COINS",,NULL
"dime.find.coin.roman.aureus","dime.find.subtype.coin.roman.aureus","Aureus","1","300","dime.period.iron.roman","dime.material.gold","mønt;romersk",,"http://vocab.getty.edu/aat/300192871","exact match","AUREI",,NULL
"dime.find.coin.roman.denar","dime.find.subtype.coin.roman.denarius","Romersk denar","-200","300","dime.period.iron.roman","dime.material.silver","mønt;romersk",,"http://vocab.getty.edu/aat/300037266","exact match","DENARII",,NULL
"dime.find.coin.roman.sesterts","dime.find.subtype.coin.roman.sestertius","Sesterts","-200","375","dime.period.iron.early","dime.material.unknown","mønt;romersk",,"http://vocab.getty.edu/aat/300037270","exact match","SESTERTII",,NULL
"dime.find.coin.roman.siliqua","dime.find.subtype.coin.roman.siliqua","Siliqua","324","400","dime.period.iron.roman.late","dime.material.silver","mønt;romersk",,"http://vocab.getty.edu/aat/300037271","exact match","SILIQUAE",,NULL
"dime.find.coin.roman.solidus","dime.find.subtype.coin.roman.solidus","Solidus","300","550","dime.period.iron.late","dime.material.gold","mønt;romersk",,"http://vocab.getty.edu/aat/300037252","exact match","SOLIDI",,NULL
"dime.find.coin.viking","dime.find.subtype.coin.viking.other;dime.find.subtype.coin.viking.unknown;dime.find.subtype.coin.viking.german;dime.find.subtype.coin.viking;dime.find.subtype.coin.viking.carolingian;dime.find.subtype.coin.viking.english","Vikingetidsmønt","750","1066","dime.period.viking","dime.material.unknown","mønt",,"http://vocab.getty.edu/aat/300194573","close match","LATER WESTERN WORLD COINS",,NULL
"dime.find.coin.viking.byzantine","dime.find.subtype.coin.viking.byzantine","Byzantisk vikingetidsmønt","750","1066","dime.period.viking","dime.material.unknown","mønt;vikingetid;byzantinsk",,"http://vocab.getty.edu/aat/300194573","close match","LATER WESTERN WORLD COINS",,NULL
"dime.find.coin.viking.carolingian","dime.find.subtype.coin.viking.denarius","Karolingisk mønt","750","900","dime.period.viking","dime.material.unknown","mønt;vikingetid",,"http://vocab.getty.edu/aat/300194573","close match","LATER WESTERN WORLD COINS",,NULL
"dime.find.coin.viking.dirham","dime.find.subtype.coin.viking.dirham","Dirhem","700","1000","dime.period.viking","dime.material.silver","mønt;vikingetid;kufisk",,"http://vocab.getty.edu/aat/300037258","exact match","DIRHAMS",,NULL
"dime.find.coin.viking.drachma","ny","Drakme","550","900","dime.period.prehistoric","dime.material.silver","mønt;vikingetid",,"http://vocab.getty.edu/aat/300191372","exact match","DRACHMAS",,NULL
"dime.find.coin.viking.nordic","dime.find.subtype.coin.viking.nordic","Dansk/nordisk vikingetidsmønt","750","1066","dime.period.viking","dime.material.silver","mønt;vikingetid;svensk;norsk",,"http://vocab.getty.edu/aat/300194573","close match","LATER WESTERN WORLD COINS",,NULL
"dime.find.coin.viking.penny","dime.find.subtype.coin.viking.penny","Engelsk penny (vikingetid)","750","1066","dime.period.viking","dime.material.silver","mønt;engelsk;england",,"http://vocab.getty.edu/aat/300195397","exact match","PENNY COINS",,NULL
"dime.find.coin.viking.phennig","dime.find.subtype.coin.viking.phennig","Tysk pfennig ","750","1066","dime.period.undated","dime.material.unknown","mønt;vikingetid",,"http://vocab.getty.edu/aat/300196014","exact match","PFENNIGS",,NULL
"dime.find.coin.viking.sceatta","dime.find.subtype.coin.viking.sceat","Sceatta","700","900","dime.period.viking.early","dime.material.silver","mønt;vikingetid",,"http://vocab.getty.edu/aat/300191644","exact match","SCEATTAS",,NULL
"dime.find.dress_accessory","dime.find.subtype.fibula.viking.other;dime.find.subtype.accessory.unknown;dime.find.subtype.accessory.other;dime.find.subtype.fibula.viking.unknown;dime.find.subtype.fibula.viking;dime.find.subtype.fibula.enamel.other;dime.find.subtype.fibula.enamel;dime.find.subtype.fibula.enamel.unknown;dime.find.subtype.fibula.circular.other;dime.find.subtype.fibula.circular.unknown;dime.find.class.fibula; dime.find.subtype.accessory.other;dime.find.subtype.fibula.other;dime.find.subtype.fibula.unknown","Dragtudstyr · Fibel","-2000","2020","dime.period.undated","dime.material.unknown","fibula",,"http://vocab.getty.edu/aat/300045995","close match","BROOCHES",,"1"
"dime.find.dress_accessory.bell","ny","Pynteklokke",,,"dime.period.historic","dime.material.unknown","bjælde",,"http://vocab.getty.edu/aat/300041872","close match","bells (idiophones)",,NULL
"dime.find.dress_accessory.belt","ny","Bælte/bæltedel (ikke spænde)",,,"dime.period.undated","dime.material.unknown",,,"http://vocab.getty.edu/aat/300210002","close match","belts (costume accessories)",,NULL
"dime.find.dress_accessory.belt.bowl","ny","Hængekar","-1100","-501","dime.period.bronze.late","dime.material.copperalloy","bronzealder",,"http://vocab.getty.edu/aat/300411649","close match","belt ornaments",,NULL
"dime.find.dress_accessory.belt.can","ny","Bæltedåse","-1700","-1100","dime.period.bronze.late","dime.material.copperalloy","bronzealder",,"http://vocab.getty.edu/aat/300411649","close match","belt ornaments",,NULL
"dime.find.dress_accessory.belt.cast","ny","Svært støbt bronzebælte",,,"dime.period.iron.preroman","dime.material.copperalloy","førromersk;jernalder",,"http://vocab.getty.edu/aat/300210002","close match","belts (costume accessories)",,NULL
"dime.find.dress_accessory.belt.plate","ny","Bælteplade","-1700","-1100","dime.period.bronze.early","dime.material.copperalloy",,,"http://vocab.getty.edu/aat/300045996","close match","BROOCHES",,NULL
"dime.find.dress_accessory.bow_fibula","dime.find.subtype.fibula.equalarm.unknown;dime.find.subtype.fibula.equalarm;dime.find.subtype.fibula.equalarmdime.find.subtype.fibula.equalarm.other;dime.find.subtype.fibula.bow;dime.find.subtype.fibula.bow.unknown;dime.find.subtype.fibula.bow.other","Bøjlefibel","-500","1066","dime.period.prehistoric","dime.material.copperalloy","fibula;bow brooch",,"http://vocab.getty.edu/aat/300045997","close match","BROOCHES",,NULL
"dime.find.dress_accessory.bow_fibula.ball","dime.find.subtype.fibula.bow.ball","Kuglefibel","-100","1","dime.period.iron.preroman","dime.material.unknown","fibula;førromersk;jernalder",,"http://vocab.getty.edu/aat/300045998","close match","BROOCHES",,NULL
"dime.find.dress_accessory.bow_fibula.bilateral","dime.find.subtype.fibula.bow.bilateral","2-leddet fibel m. bøjlekam (Almgr. II-IV)","1","174","dime.period.iron.roman","dime.material.copperalloy","fibula;ældre;romersk;jernalder;to",,"http://vocab.getty.edu/aat/300045999","close match","BROOCHES",,NULL
"dime.find.dress_accessory.bow_fibula.bilateral.trumpet","ny","Trompetfibel","1","175","dime.period.iron.roman","dime.material.copperalloy","fibula",,"http://vocab.getty.edu/aat/300046000","close match","BROOCHES",,NULL
"dime.find.dress_accessory.bow_fibula.bow_band","dime.find.subtype.fibula.bow.band","Bred båndformet bøjlefibel (Almgr. V)","1","374","dime.period.iron.roman","dime.material.copperalloy","fibula;romersk;jernalder",,"http://vocab.getty.edu/aat/300046001","close match","BROOCHES",,NULL
"dime.find.dress_accessory.bow_fibula.button","dime.find.subtype.fibula.bow.button","Rygknapfibel","530","900","dime.period.iron.germanic.late","dime.material.copperalloy","fibula",,"http://vocab.getty.edu/aat/300046002","close match","BROOCHES",,NULL
"dime.find.dress_accessory.bow_fibula.cross","dime.find.subtype.fibula.bow.cross","Korsformet fibel","375","530","dime.period.iron.germanic.early","dime.material.copperalloy","fibula",,"http://vocab.getty.edu/aat/300046003","close match","BROOCHES",,NULL
"dime.find.dress_accessory.bow_fibula.dreispross","ny","Dreispross fibel","1","374","dime.period.iron.roman","dime.material.copperalloy","fibula",,"http://vocab.getty.edu/aat/300046004","close match","BROOCHES",,NULL
"dime.find.dress_accessory.bow_fibula.high_pin_catch","dime.find.subtype.fibula.bow.high","Bøjlefibel med høj nåleholder (Almgr. VII)","175","374","dime.period.iron.roman.late","dime.material.copperalloy","fibula;yngre;romersk;jernalder",,"http://vocab.getty.edu/aat/300046005","close match","BROOCHES",,NULL
"dime.find.dress_accessory.bow_fibula.large_equalarm","dime.find.subtype.fibula.equalarm.large","Stor ligearmet fibel","750","1000","dime.period.iron","dime.material.copperalloy","fibula;vikingetid",,"http://vocab.getty.edu/aat/300046006","close match","BROOCHES",,NULL
"dime.find.dress_accessory.bow_fibula.nydam","ny","Nydamfibel","175","374","dime.period.iron.roman.late.c3","dime.material.copperalloy","fibula",,"http://vocab.getty.edu/aat/300046007","close match","BROOCHES",,NULL
"dime.find.dress_accessory.bow_fibula.relief","dime.find.subtype.fibula.bow.relief","Relieffibel","375","530","dime.period.iron.germanic.early","dime.material.copperalloy","fibula",,"http://vocab.getty.edu/aat/300046008","close match","BROOCHES",,NULL
"dime.find.dress_accessory.bow_fibula.rosette","ny","Rosetfibel","210","374","dime.period.iron.roman.late","dime.material.silver","fibula",,"http://vocab.getty.edu/aat/300046009","close match","BROOCHES",,NULL
"dime.find.dress_accessory.bow_fibula.small_equalarm","dime.find.subtype.fibula.equalarm.small","Lille ligearmet fibel","530","600","dime.period.iron.germanic.late","dime.material.copperalloy","fibula;germansk;jernalder",,"http://vocab.getty.edu/aat/300046010","close match","BROOCHES",,NULL
"dime.find.dress_accessory.bow_fibula.wrapped_foot","dime.find.subtype.fibula.bow.foot","Bøjlefibel med omslået fod (Almgr. VI)","175","374","dime.period.iron","dime.material.copperalloy","fibula;yngre;romersk;jernalder;nydam",,"http://vocab.getty.edu/aat/300046011","close match","BROOCHES",,NULL
"dime.find.dress_accessory.brooch","dime.find.subtype.accessory.brooch","Broche",,,"dime.period.undated","dime.material.unknown",,,"http://vocab.getty.edu/aat/300045995","close match","BROOCHES",,NULL
"dime.find.dress_accessory.buckle","dime.find.subtype.accessory.buckle","Remspænde",,,"dime.period.undated","dime.material.unknown","dragtudstyr",,"http://vocab.getty.edu/aat/300239260","exact match","Buckles (strap accessories)",,NULL
"dime.find.dress_accessory.buckle.belt","ny","Bæltespænde",,,"dime.period.undated","dime.material.unknown",,,"http://vocab.getty.edu/aat/300239260","exact match","Buckles (strap accessories)",,NULL
"dime.find.dress_accessory.buckle.shoe","ny","Skospænde",,,"dime.period.undated","dime.material.unknown",,,"http://vocab.getty.edu/aat/300432212","exact match","shoe buckles",,NULL
"dime.find.dress_accessory.button","dime.find.subtype.accessory.button.unknown;dime.find.subtype.accessory.button;dime.find.subtype.accessory.button.other;dime.find.subtype.accessory.button.round","Knap",,,"dime.period.undated","dime.material.unknown",,,"http://vocab.getty.edu/aat/300239261","close match","BUTTONS (FASTENERS)",,NULL
"dime.find.dress_accessory.button.bar","dime.find.subtype.accessory.button.bar","Stangknap",,,"dime.period.bronze","dime.material.unknown",,,"http://vocab.getty.edu/aat/300239261","close match","BUTTONS (FASTENERS)",,NULL
"dime.find.dress_accessory.button.circular","ny","Skiveformet knap",,,"dime.period.undated","dime.material.unknown","knap",,"http://vocab.getty.edu/aat/300239261","close match","BUTTONS (FASTENERS)",,NULL
"dime.find.dress_accessory.button.double","dime.find.subtype.accessory.button.stud","Dobbeltknap","-1100","-501","dime.period.undated","dime.material.unknown","knap",,"http://vocab.getty.edu/aat/300239261","close match","BUTTONS (FASTENERS)",,NULL
"dime.find.dress_accessory.button.hemispherical","ny","Halvsfærisk knap",,,"dime.period.undated","dime.material.unknown","knap",,"http://vocab.getty.edu/aat/300239261","close match","BUTTONS (FASTENERS)",,NULL
"dime.find.dress_accessory.button.spherical","ny","Rund knap",,,"dime.period.undated","dime.material.unknown","knap",,"http://vocab.getty.edu/aat/300239261","close match","BUTTONS (FASTENERS)",,NULL
"dime.find.dress_accessory.closed_bell","dime.find.subtype.accessory.bell","Pyntebjælde",,,"dime.period.undated","dime.material.unknown","klokke",,"http://vocab.getty.edu/aat/300041872","exact match","BELLS (IDIOPHONES)",,NULL
"dime.find.dress_accessory.domed_brooch","dime.find.subtype.fibula.bowl;dime.find.subtype.fibula.bowl.other;dime.find.subtype.fibula.bowl.circular","Hvælvet fibel","600","950","dime.period.undated","dime.material.copperalloy","fibula",,"http://vocab.getty.edu/aat/300046012","close match","BROOCHES",,NULL
"dime.find.dress_accessory.domed_brooch.animal","dime.find.subtype.fibula.bowl.animal","Dyreformet skålfibel","700","750","dime.period.iron","dime.material.unknown","fibula",,"http://vocab.getty.edu/aat/300046013","close match","BROOCHES",,NULL
"dime.find.dress_accessory.domed_brooch.bird","dime.find.subtype.fibula.bird-above","Fuglefibel, set fra oven","600","700","dime.period.iron.germanic","dime.material.copperalloy","fibula;yngre;germansk;jernalder",,"http://vocab.getty.edu/aat/300046014","close match","BROOCHES",,NULL
"dime.find.dress_accessory.domed_brooch.large_circular","dime.find.subtype.fibula.circular.large","Stor hvælvet cirkulær fibel (diameter > 4 cm)","750","950","dime.period.undated","dime.material.copperalloy","fibula",,"http://vocab.getty.edu/aat/300226279","close match","DISC BROOCHES",,NULL
"dime.find.dress_accessory.domed_brooch.large_tortoise","dime.find.subtype.fibula.bowl.large","Stor oval skålfibel (større end 7,5 cm)","750","950","dime.period.undated","dime.material.copperalloy","fibula",,"http://vocab.getty.edu/aat/300046015","close match","BROOCHES",,NULL
"dime.find.dress_accessory.domed_brooch.roof","dime.find.subtype.fibula.viking.roof","Hjalteformet fibel","750","900","dime.period.viking","dime.material.copperalloy","fibula;tagformet",,"http://vocab.getty.edu/aat/300046016","close match","BROOCHES",,NULL
"dime.find.dress_accessory.domed_brooch.small_circular","dime.find.subtype.fibula.circular.small","Lille hvælvet cirkulær fibel (diameter < 4 cm) ","750","950","dime.period.undated","dime.material.copperalloy","fibula",,"http://vocab.getty.edu/aat/300226279","close match","DISC BROOCHES",,NULL
"dime.find.dress_accessory.domed_brooch.small_tortoise","dime.find.subtype.fibula.bowl.small","Lille oval skålfibel (mindre end 7,5 cm)","700","750","dime.period.iron.germanic","dime.material.copperalloy","fibula",,"http://vocab.getty.edu/aat/300046017","close match","BROOCHES",,NULL
"dime.find.dress_accessory.dress_mounting","dime.find.subtype.accessory.jewelery.pasyning","Påsyningsblik",,,"dime.period.undated","dime.material.unknown",,,"http://vocab.getty.edu/aat/300423330","close match","clothing accessories",,NULL
"dime.find.dress_accessory.eyelet","dime.find.subtype.accessory.eyelet","Snørering",,,"dime.period.historic","dime.material.copperalloy",,,"http://vocab.getty.edu/aat/300423331","close match","clothing accessories",,NULL
"dime.find.dress_accessory.hook","dime.find.subtype.accessory.hook","Hægte",,,"dime.period.undated","dime.material.unknown",,,"http://vocab.getty.edu/aat/300239507","exact match","CLASPS (FASTENERS)",,NULL
"dime.find.dress_accessory.hook_catch","ny","Malle",,,"dime.period.historic","dime.material.unknown",,,"http://vocab.getty.edu/aat/300239507","exact match","CLASPS (FASTENERS)",,NULL
"dime.find.dress_accessory.lace_end","dime.find.subtype.accessory.lace","Snøreendedup","1350","1750","dime.period.medieval","dime.material.copperalloy",,,"http://vocab.getty.edu/aat/300209273","close match","costume accessories",,NULL
"dime.find.dress_accessory.lace_pin","ny","Snørenål","1400",,"dime.period.historic","dime.material.unknown",,,"http://vocab.getty.edu/aat/300209273","close match","costume accessories",,NULL
"dime.find.dress_accessory.medal","dime.find.subtype.accessory.medal","Medalje",,,"dime.period.historic","dime.material.unknown",,,"http://vocab.getty.edu/aat/300046025","exact match","MEDALS",,NULL
"dime.find.dress_accessory.pennanular_brooch","dime.find.subtype.fibula.viking.ring","Ringnål","750","950","dime.period.viking.medieval","dime.material.unknown","vikingetid",,"http://vocab.getty.edu/aat/300211545","close match","PENANNULAR BROOCHES",,NULL
"dime.find.dress_accessory.pilgrim","dime.find.subtype.accessory.pilgrim","Pilgrimsmærke","1067","1536","dime.period.historic","dime.material.unknown",,,"http://vocab.getty.edu/aat/300265066","exact match","PILGRIM BADGES",,NULL
"dime.find.dress_accessory.pin","dime.find.subtype.accessory.pin","Dragtnål",,,"dime.period.prehistoric","dime.material.unknown",,,"http://vocab.getty.edu/aat/300036423","exact match","PINS (FASTENERS)",,NULL
"dime.find.dress_accessory.plate_brooch","dime.find.subtype.fibula.plate;dime.find.subtype.fibula.plate.unknown;dime.find.subtype.fibula.plate.other","Pladefibel","530","1200","dime.period.iron.germanic","dime.material.copperalloy","pladefibula",,"http://vocab.getty.edu/aat/300046018","exact match","BROOCHES",,NULL
"dime.find.dress_accessory.plate_brooch.beak","dime.find.subtype.fibula.beak","Næbfibel","530","700","dime.period.iron.germanic.late","dime.material.copperalloy","næbfibula",,"http://vocab.getty.edu/aat/300046019","close match","BROOCHES",,NULL
"dime.find.dress_accessory.plate_brooch.bird","ny","Fugleformet pladefibel","530","1200","dime.period.iron.germanic","dime.material.copperalloy","pladefibula",,"http://vocab.getty.edu/aat/300046020","close match","BROOCHES",,NULL
"dime.find.dress_accessory.plate_brooch.bird.emia","dime.find.subtype.fibula.bird-profile","Fugleformet fibel, lille fugl i profil","1067","1200","dime.period.viking.medieval","dime.material.unknown","fibula;ældre;middelalder",,"http://vocab.getty.edu/aat/300046021","close match","BROOCHES",,NULL
"dime.find.dress_accessory.plate_brooch.bird.lgir","dime.find.dress_accessory.plate.bird","Fugleformet pladefibel (YGJA)","530","700","dime.period.iron.germanic","dime.material.copperalloy","fibula;yngre;germansk;jernalder",,"http://vocab.getty.edu/aat/300046022","close match","BROOCHES",,NULL
"dime.find.dress_accessory.plate_brooch.circular","dime.find.subtype.fibula.plate.circular;dime.find.subtype.fibula.circular;dime.find.subtype.fibula.circular","Cirkulær pladefibel","750","1200","dime.period.iron","dime.material.copperalloy","pladefibula;skivefibula",,"http://vocab.getty.edu/aat/300046023","close match","BROOCHES",,NULL
"dime.find.dress_accessory.plate_brooch.circular.central_mounting","dime.find.subtype.fibula.enamel.central","Cirkulær emaljefibel m. central indfatning","900","1150","dime.period.viking.medieval","dime.material.copperalloy","emaljefibula",,"http://vocab.getty.edu/aat/300046024","close match","BROOCHES",,NULL
"dime.find.dress_accessory.plate_brooch.circular.coin","dime.find.subtype.fibula.plate.coin","Møntfibel","750","1066","dime.period.viking.medieval","dime.material.copperalloy","møntfibula",,"http://vocab.getty.edu/aat/300046025","close match","BROOCHES",,NULL
"dime.find.dress_accessory.plate_brooch.circular.cross_enamel","dime.find.subtype.fibula.enamel.cross","Cirkulær korsemaljefibel","800","1000","dime.period.viking.medieval","dime.material.copperalloy","korsemaljefibula",,"http://vocab.getty.edu/aat/300046026","close match","BROOCHES",,NULL
"dime.find.dress_accessory.plate_brooch.circular.multiple_mounting","dime.find.subtype.fibula.enamel.multiple","Cirkulær emaljefibel m. flere indfatninger","800","1100","dime.period.viking.medieval","dime.material.copperalloy","emaljefibula",,"http://vocab.getty.edu/aat/300046027","close match","BROOCHES",,NULL
"dime.find.dress_accessory.plate_brooch.circular.sheet_metal","dime.find.subtype.fibula.circular.tin","Cirkulær blikfibel","1067","1200","dime.period.viking.medieval","dime.material.copperalloy","fibula;tidlig;middelalder",,"http://vocab.getty.edu/aat/300226279","close match","DISC BROOCHES",,NULL
"dime.find.dress_accessory.plate_brooch.cross","ny","Korsformet pladefibel","800","1100","dime.period.viking.medieval","dime.material.copperalloy","pladefibula",,"http://vocab.getty.edu/aat/300046028","close match","BROOCHES",,NULL
"dime.find.dress_accessory.plate_brooch.cross.enamel","ny","Korsformet emaljefibel","800","1100","dime.period.viking.medieval","dime.material.copperalloy","emaljefibula;pladefibula",,"http://vocab.getty.edu/aat/300046029","close match","BROOCHES",,NULL
"dime.find.dress_accessory.plate_brooch.cross.raahede","dime.find.subtype.fibula.plate.råhede","Råhedefibel","800","950","dime.period.viking","dime.material.copperalloy","råhedefibula;korsformet;pladefibula",,"http://vocab.getty.edu/aat/300046030","close match","BROOCHES",,NULL
"dime.find.dress_accessory.plate_brooch.horse","dime.find.subtype.fibula.plate.horse","Hesteformet pladefibel","530","750","dime.period.iron.germanic.late","dime.material.copperalloy","pladefibula",,"http://vocab.getty.edu/aat/300046031","close match","BROOCHES",,NULL
"dime.find.dress_accessory.plate_brooch.open_work_animal","dime.find.subtype.fibula.healing.unknown;dime.find.subtype.fibula.healing;dime.find.subtype.fibula.healing.other","Dyreslyngsfibel","950","1200","dime.period.viking.medieval","dime.material.unknown","dyreslyngsfibula",,"http://vocab.getty.edu/aat/300046032","close match","BROOCHES",,NULL
"dime.find.dress_accessory.plate_brooch.open_work_animal.lamb","dime.find.subtype.fibula.healing.lamb","Guds lam fibel","1067","1200","dime.period.viking.medieval","dime.material.unknown","fibula;agnus;dei",,"http://vocab.getty.edu/aat/300046033","close match","BROOCHES",,NULL
"dime.find.dress_accessory.plate_brooch.open_work_animal.palmette","ny","Palmetfibel","1000","1200","dime.period.viking.medieval","dime.material.unknown","palmefibula;symmetrisk;motiv",,"http://vocab.getty.edu/aat/300046034","close match","BROOCHES",,NULL
"dime.find.dress_accessory.plate_brooch.open_work_animal.urnes","dime.find.subtype.fibula.healing.urnes","Urnesfibel","950","1200","dime.period.viking.medieval","dime.material.unknown","urnesfibula",,"http://vocab.getty.edu/aat/300046035","close match","BROOCHES",,NULL
"dime.find.dress_accessory.plate_brooch.open_work_animal.aalborg","dime.find.subtype.fibula.healing.aalborg","Dyreslyngsfibel af Aalborg-type","1067","1200","dime.period.medieval.early","dime.material.unknown","dyreslyngsfibula;guds;lam",,"http://vocab.getty.edu/aat/300046036","close match","BROOCHES",,NULL
"dime.find.dress_accessory.plate_brooch.oval","dime.find.subtype.fibula.plate.oval","Oval pladefibel","600","700","dime.period.iron","dime.material.copperalloy","pladefibula;rund",,"http://vocab.getty.edu/aat/300046037","close match","BROOCHES",,NULL
"dime.find.dress_accessory.plate_brooch.rectangular","dime.find.subtype.fibula.plate.rectangular","Rektangulær pladefibel","600","700","dime.period.iron","dime.material.copperalloy","pladefibula;firkantet",,"http://vocab.getty.edu/aat/300046038","close match","BROOCHES",,NULL
"dime.find.dress_accessory.plate_brooch.rectangular.enamel","ny","Rektangulær pladefibel m. emalje",,,"dime.period.iron","dime.material.copperalloy","pladefibula;firkantet",,"http://vocab.getty.edu/aat/300046039","close match","BROOCHES",,NULL
"dime.find.dress_accessory.plate_brooch.rhombic","dime.find.subtype.fibula.viking.rhombic","Rhombisk pladefibel","800","950","dime.period.iron","dime.material.copperalloy","pladefibula;hongkongfibula",,"http://vocab.getty.edu/aat/300046040","close match","BROOCHES",,NULL
"dime.find.dress_accessory.plate_brooch.ship","dime.find.subtype.fibula.plate.ship","Skibsformet fibel","750","950","dime.period.viking","dime.material.copperalloy","fibula;bådformet",,"http://vocab.getty.edu/aat/300046041","close match","BROOCHES",,NULL
"dime.find.dress_accessory.plate_brooch.snake","dime.find.subtype.fibula.plate.snake","S- el. slangeformet pladefibel","530","700","dime.period.lategermanic.earlyviking","dime.material.copperalloy","pladefibula",,"http://vocab.getty.edu/aat/300046042","close match","BROOCHES",,NULL
"dime.find.dress_accessory.plate_brooch.swastika","dime.find.subtype.fibula.plate.swastika","Hagekorsfibel","174","1066","dime.period.iron.roman.late","dime.material.copperalloy","hagekorsfibula",,"http://vocab.getty.edu/aat/300046043","close match","BROOCHES",,NULL
"dime.find.dress_accessory.plate_brooch.tongue","dime.find.subtype.fibula.plate.tongue","Tungeformet fibel","750","950","dime.period.viking","dime.material.copperalloy","fibula",,"http://vocab.getty.edu/aat/300046044","close match","BROOCHES",,NULL
"dime.find.dress_accessory.plate_brooch.trefoil","dime.find.subtype.fibula.trilobal","Trefliget fibel","850","1000","dime.period.viking","dime.material.copperalloy","fibula;3",,"http://vocab.getty.edu/aat/300046045","close match","BROOCHES",,NULL
"dime.find.dress_accessory.plate_brooch.valkyrie","dime.find.subtype.fibula.plate.valkyrie","Valkyriefibel","750","950","dime.period.viking.medieval","dime.material.copperalloy","fibula",,"http://vocab.getty.edu/aat/300046046","close match","BROOCHES",,NULL
"dime.find.dress_accessory.ring_brooch","dime.find.subtype.fibula.ring;dime.find.subtype.fibula.ring.unknown;dime.find.subtype.fibula.ring.other","Ringspænde",,,"dime.period.medieval","dime.material.copperalloy",,,"http://vocab.getty.edu/aat/300046047","close match","BROOCHES",,NULL
"dime.find.dress_accessory.ring_brooch.circular","dime.find.subtype.fibula.ring.circular","Cirkulært ringspænde",,,"dime.period.medieval","dime.material.unknown",,,"http://vocab.getty.edu/aat/300263352","exact match","RING BROOCHES",,NULL
"dime.find.dress_accessory.ring_brooch.circular.hand","ny","Cirkulært ringspænde m. håndslagsmotiv","1300","1500","dime.period.medieval","dime.material.unknown",,,"http://vocab.getty.edu/aat/300046048","close match","BROOCHES",,NULL
"dime.find.dress_accessory.ring_brooch.heart","dime.find.subtype.fibula.ring.heart","Hjerteformet ringspænde","1200","1400","dime.period.medieval","dime.material.unknown",,,"http://vocab.getty.edu/aat/300046049","close match","BROOCHES",,NULL
"dime.find.dress_accessory.ring_brooch.shield","ny","Skjoldformet ringspænde","1200","1300","dime.period.medieval","dime.material.unknown",,,"http://vocab.getty.edu/aat/300046050","close match","BROOCHES",,NULL
"dime.find.dress_accessory.ring_brooch.star","dime.find.subtype.fibula.ring.star","Stjerneformet ringspænde","1200","1400","dime.period.medieval","dime.material.unknown",,,"http://vocab.getty.edu/aat/300046051","close match","BROOCHES",,NULL
"dime.find.dress_accessory.strap_end","dime.find.subtype.accessory.fitting.belt","Remendebeslag",,,"dime.period.undated","dime.material.unknown",,,"http://vocab.getty.edu/aat/300262745","exact match","MORDANTS (BELT COMPONENTS)",,NULL
"dime.find.dress_accessory.tutulus","dime.find.subtype.accessory.tutulus","Tutulus","-1700","-1100","dime.period.bronze","dime.material.copperalloy",,,"http://vocab.getty.edu/aat/300209286","close match","JEWELRY",,NULL
"dime.find.equestrian","dime.find.subtype.tool.equestrian.other;dime.find.subtype.tool.equestrian.unknown;dime.find.subtype.tool.equestrian","Rideudstyr","-1100","2020","dime.period.undated","dime.material.unknown",,,"http://vocab.getty.edu/aat/300131087","close match","MOUNTS (FRAMING AND MOUNTING EQUIPMENT)",,"4"
"dime.find.equestrian.bridle","ny","Bidsel","-1100","2020","dime.period.undated","dime.material.unknown",,,"http://vocab.getty.edu/aat/300248092","exact match","bridles",,NULL
"dime.find.equestrian.bridle.mount","ny","Bidselbeslag","-1100","2020","dime.period.undated","dime.material.unknown",,,"http://vocab.getty.edu/aat/300212971","exact match","HARNESSES",,NULL
"dime.find.equestrian.horseshoe","dime.find.subtype.tool.equestrian.shoe","Hestesko","1067","2020","dime.period.undated","dime.material.iron",,,"http://vocab.getty.edu/aat/300024400","exact match","HORSESHOES (ANIMAL EQUIPMENT)",,NULL
"dime.find.equestrian.saddle","ny","Sadelbeslag","800","2020","dime.period.undated","dime.material.unknown",,,"http://vocab.getty.edu/aat/300212972","close match","saddles (seats)",,NULL
"dime.find.equestrian.spur","dime.find.subtype.tool.equestrian.tack","Spore","1","2020","dime.period.undated","dime.material.unknown",,,"http://vocab.getty.edu/aat/300036923","exact match","SPURS (COSTUME ACCESSORIES)",,NULL
"dime.find.equestrian.spur.bracket","ny","Sporebøjle","1","2020","dime.period.undated","dime.material.unknown",,,"http://vocab.getty.edu/aat/300036923","close match","SPURS (COSTUME ACCESSORIES)",,NULL
"dime.find.equestrian.spur.plate","ny","Pladespore","200","500","dime.period.undated","dime.material.unknown",,,"http://vocab.getty.edu/aat/300036923","close match","SPURS (COSTUME ACCESSORIES)",,NULL
"dime.find.equestrian.spur.point","ny","Sporepig","1","2020","dime.period.undated","dime.material.unknown",,,"http://vocab.getty.edu/aat/300036923","close match","SPURS (COSTUME ACCESSORIES)",,NULL
"dime.find.equestrian.spur.point_on_bracket","ny","Stolspore","1","200","dime.period.undated","dime.material.unknown",,,"http://vocab.getty.edu/aat/300036923","close match","SPURS (COSTUME ACCESSORIES)",,NULL
"dime.find.equestrian.spur.wheel","ny","Sporehjul","1200","2020","dime.period.historic","dime.material.unknown",,,"http://vocab.getty.edu/aat/300036923","close match","SPURS (COSTUME ACCESSORIES)",,NULL
"dime.find.equestrian.stirrup","dime.find.subtype.tool.equestrian.stirrup","Stigbøjle","800","2020","dime.period.undated","dime.material.unknown",,,"http://vocab.getty.edu/aat/300255573","exact match","STIRRUPS",,NULL
"dime.find.equestrian.stirrup_strap_mount","ny","Stigremsbeslag","800","2020","dime.period.undated","dime.material.unknown",,,"http://vocab.getty.edu/aat/300400755","close match","stirrup leathers",,NULL
"dime.find.equestrian.stirrup.mount","ny","Stigbøjlebeslag","800","2020","dime.period.undated","dime.material.unknown",,,"http://vocab.getty.edu/aat/300255573","close match","STIRRUPS",,NULL
"dime.find.equestrian.strap_decoration","ny","Vedhæng til seletøj","-1100","2020","dime.period.undated","dime.material.unknown",,,"http://vocab.getty.edu/aat/300131087","close match","MOUNTS (FRAMING AND MOUNTING EQUIPMENT)",,NULL
"dime.find.equestrian.strap_decoration.bell","dime.find.subtype.tool.equestrian.bell","Vedhæng til seletøj, bjælde","-1100","2020","dime.period.undated","dime.material.unknown",,,"http://vocab.getty.edu/aat/300041872","close match","BELLS (IDIOPHONES)",,NULL
"dime.find.equestrian.strap_decoration.tin_pendant","dime.find.subtype.tool.equestrian.cheek","Vedhæng til seletøj, rasleblik","-1100","2020","dime.period.undated","dime.material.unknown",,,"http://vocab.getty.edu/aat/300131087","close match","MOUNTS (FRAMING AND MOUNTING EQUIPMENT)",,NULL
"dime.find.equestrian.strap_distributer","dime.find.subtype.tool.equestrian.bridle","Remfordeler","-1100","2020","dime.period.undated","dime.material.unknown","remdeler",,"http://vocab.getty.edu/aat/300248092","exact match","BRIDLES",,NULL
"dime.find.id","ny","ID-tegn","1067","2020","dime.period.modern","dime.material.unknown",,,"http://vocab.getty.edu/aat/300247916","exact match","tags (labels)",,"10"
"dime.find.id.animal","ny","ID-plade til dyr","1900","2020","dime.period.modern","dime.material.unknown","hundetegn;halsbånd",,"http://vocab.getty.edu/aat/300391088","exact match","dog tags (pet identification tags)",,NULL
"dime.find.id.bird_band","dime.find.subtype.tool.writing.bird-tag","Ringmærke (til fugle)","1900","2020","dime.period.modern","dime.material.unknown",,,"http://vocab.getty.edu/aat/300420192","close match","animal tags",,NULL
"dime.find.id.human","ny","ID-plade/""Hundetegn"" (soldat)","1870","2020","dime.period.modern","dime.material.unknown","dogtag",,"http://vocab.getty.edu/aat/300255372","exact match","dog tags (military tags)",,NULL
"dime.find.id.license_plate","ny","Nummerplade","1903","2020","dime.period.welfare","dime.material.unknown",,,"http://vocab.getty.edu/aat/300248796","exact match","license plates",,NULL
"dime.find.id.seal","dime.find.subtype.tool.writing.stamp","Signet/seglstampe","1067","2020","dime.period.historic","dime.material.copperalloy",,,"http://vocab.getty.edu/aat/300028877","exact match","SEALS (ARTIFACTS)",,NULL
"dime.find.id.seal_ring","ny","Signetring","1067","2020","dime.period.undated","dime.material.unknown",,,"http://vocab.getty.edu/aat/300046014","exact match","signet rings",,NULL
"dime.find.jewelery","dime.find.subtype.accessory.jewelery.other;dime.find.subtype.accessory.jewelery;dime.find.subtype.accessory.jewelery.unknown","Smykke",,,"dime.period.undated","dime.material.unknown",,,"http://vocab.getty.edu/aat/300209286","close match","JEWELRY",,"7"
"dime.find.jewelery.armring","dime.find.subtype.accessory.jewelery.bracelet","Armring",,,"dime.period.undated","dime.material.unknown",,,"http://vocab.getty.edu/aat/300045990","exact match","ARMLETS",,NULL
"dime.find.jewelery.bead","dime.find.subtype.accessory.jewelery.pearl","Perle",,,"dime.period.undated","dime.material.unknown",,,"http://vocab.getty.edu/aat/300234006","exact match","BEADS (PIERCED OBJECTS)",,NULL
"dime.find.jewelery.bracelet","ny","Armkæde",,,"dime.period.undated","dime.material.unknown",,,"http://vocab.getty.edu/aat/300045990","exact match","armlets",,NULL
"dime.find.jewelery.earring","dime.find.subtype.accessory.jewelery.earring","Ørering",,,"dime.period.undated","dime.material.unknown",,,"http://vocab.getty.edu/aat/300045998","exact match","EARRINGS (JEWELRY)",,NULL
"dime.find.jewelery.hairclip","ny","Hårspænde",,,"dime.period.undated","dime.material.unknown",,,"http://vocab.getty.edu/aat/300426856","exact match","hair clips",,NULL
"dime.find.jewelery.hairpin","ny","Hårnål",,,"dime.period.undated","dime.material.unknown",,,"http://vocab.getty.edu/aat/300426889","exact match","hairsticks",,NULL
"dime.find.jewelery.neck_collar","ny","Halskrave",,,"dime.period.bronze","dime.material.copperalloy",,,"http://vocab.getty.edu/aat/300210058","exact match","collars (neckwear)",,NULL
"dime.find.jewelery.necklace","dime.find.subtype.accessory.jewelery.necklace","Halskæde",,,"dime.period.undated","dime.material.unknown",,,"http://vocab.getty.edu/aat/300046001","exact match","NECKLACES",,NULL
"dime.find.jewelery.neckring","ny","Halsring",,,"dime.period.undated","dime.material.unknown",,,"http://vocab.getty.edu/aat/300263462","exact match","torques (jewelry)",,NULL
"dime.find.jewelery.pendant","dime.find.subtype.accessory.jewelery.pendant","Hængesmykke",,,"dime.period.undated","dime.material.unknown",,,"http://vocab.getty.edu/aat/300046002","exact match","PENDANTS (JEWELRY)",,NULL
"dime.find.jewelery.pendant.bracteate","dime.find.subtype.accessory.jewelery.bracteate","Brakteat","375","530","dime.period.iron.germanic.early","dime.material.gold",,,"http://vocab.getty.edu/aat/300212209","exact match","BRACTEATES (PENDANTS)",,NULL
"dime.find.jewelery.pendant.bucket","ny","Spandformet hængesmykke",,,"dime.period.undated","dime.material.unknown",,,"http://vocab.getty.edu/aat/300046002","close match","PENDANTS (JEWELRY)",,NULL
"dime.find.jewelery.pendant.circular","ny","Cirkulært hængesmykke",,,"dime.period.undated","dime.material.unknown",,,"http://vocab.getty.edu/aat/300046002","close match","PENDANTS (JEWELRY)",,NULL
"dime.find.jewelery.pendant.cross","ny","Korsformet hængesmykke","1000","2020","dime.period.undated","dime.material.unknown",,,"http://vocab.getty.edu/aat/300046002","close match","PENDANTS (JEWELRY)",,NULL
"dime.find.jewelery.pendant.medallion","ny","Medaljon",,,"dime.period.undated","dime.material.unknown","hængesmykke",,"http://vocab.getty.edu/aat/300046002","close match","PENDANTS (JEWELRY)",,NULL
"dime.find.jewelery.pendant.thorshammer","ny","Thorshammer","750","950","dime.period.viking","dime.material.unknown","hængesmykke",,"http://vocab.getty.edu/aat/300046002","close match","PENDANTS (JEWELRY)",,NULL
"dime.find.jewelery.ring","dime.find.subtype.accessory.jewelery.ring","Fingerring",,,"dime.period.undated","dime.material.unknown",,,"http://vocab.getty.edu/aat/300046012","exact match","RINGS (FINGER JEWELRY)",,NULL
"dime.find.mess","dime.find.subtype.tool.measure;dime.find.subtype.tool.measure.unknown","Rodekasse (til omklassificering)",,,"dime.period.undated","dime.material.unknown",,,"http://vocab.getty.edu/aat/",,,,"5"
"dime.find.mess.hack_gold","ny","Brudguld",,,"dime.period.undated","dime.material.gold","klipguld;betalingsguld",,"http://vocab.getty.edu/aat/300011021","close match","gold (metal)",,NULL
"dime.find.mess.hack_silver","dime.find.subtype.tool.measure.clip","Brudsølv",,,"dime.period.undated","dime.material.silver","klipsølv;betalingssølv",,"http://vocab.getty.edu/aat/300011029","close match","silver (metal)",,NULL
"dime.find.mess.jewellery_or_accessory","ny","Smykke el. dragtudstyr (ubestemt)","-2000","2020","dime.period.undated","dime.material.unknown",,,"http://vocab.getty.edu/aat/300209286","close match","jewelry",,NULL
"dime.find.mess.mount","dime.find.subtype.military.fitting.unknown;dime.find.subtype.military.fitting.uniform;dime.find.subtype.military.fitting.other;dime.find.subtype.military.fitting;dime.find.subtype.accessory.fitting.unknown;dime.find.subtype.accessory.fitting;dime.find.subtype.accessory.fitting.other","Beslag, ukendt funktion",,,"dime.period.undated","dime.material.unknown",,,"http://vocab.getty.edu/aat/300122241","close match","EQUIPMENT",,NULL
"dime.find.mess.mount.oriental","ny","Orientalsk beslag ","850","1066","dime.period.viking","dime.material.copperalloy",,,"http://vocab.getty.edu/aat/300122241","close match","EQUIPMENT",,NULL
"dime.find.mess.mount.oriental.heart","ny","Orientalsk beslag, hjerteformet ","850","1066","dime.period.viking","dime.material.copperalloy",,,"http://vocab.getty.edu/aat/300122241","close match","EQUIPMENT",,NULL
"dime.find.mess.mount.oriental.shield","ny","Orientalsk beslag, skjoldformet ","850","1066","dime.period.viking","dime.material.copperalloy",,,"http://vocab.getty.edu/aat/300122241","close match","EQUIPMENT",,NULL
"dime.find.observation","dime.find.class.observation","Arkæologisk observation",,,"dime.period.undated","dime.material.unknown",,,"http://vocab.getty.edu/aat/?","bum bum dont know",,,"14"
"dime.find.observation.cropmarks","dime.find.subtype.observation.cropmarks","Afgrødespor",,,"dime.period.undated","dime.material.unknown",,,"http://vocab.getty.edu/aat/300248611","exact match","CROP MARKS",,NULL
"dime.find.observation.cropmarks.longhouse","dime.find.subtype.observation.cropmarks.longhouse","Langhus",,,"dime.period.undated","dime.material.unknown",,,"http://vocab.getty.edu/aat/300005672","exact match","LONGHOUSES (MULTIPLE DWELLINGS)",,NULL
"dime.find.observation.cropmarks.pithouse","dime.find.subtype.observation.cropmarks.pithouse","Grubehus",,,"dime.period.undated","dime.material.unknown",,,"http://vocab.getty.edu/aat/300137527","exact match","SUNKEN HUTS",,NULL
"dime.find.observation.cropmarks.postholes","dime.find.subtype.observation.cropmarks.postholes","Stolpehuller",,,"dime.period.undated","dime.material.unknown",,,"http://vocab.getty.edu/aat/300400666","exact match","POSTHOLES",,NULL
"dime.find.observation.feature","dime.find.subtype.observation.feature","Fyldskifte",,,"dime.period.undated","dime.material.unknown",,,"http://vocab.getty.edu/aat/?","bum bum dont know",,,NULL
"dime.find.observation.feature.barrow","dime.find.subtype.observation.feature.barrow","Gravhøj (overpløjet)",,,"dime.period.undated","dime.material.unknown",,,"http://vocab.getty.edu/aat/300005903","close match","BURIAL MOUNDS",,NULL
"dime.find.observation.feature.burned-flint","dime.find.subtype.observation.feature.burned-flint","Brændt/ildskørnet flint",,,"dime.period.undated","dime.material.flint",,,"vocab.getty.edu/aat/300011143","close match","flint (rock)",,NULL
"dime.find.observation.feature.cooking-pit-charcoal","dime.find.subtype.observation.feature.cooking-pit-charcoal","Kogegrube m. trækul",,,"dime.period.undated","dime.material.unknown",,,"http://vocab.getty.edu/aat/300076657","close match","HEATING AND COOKING ARCHITECTURAL ELEMENTS",,NULL
"dime.find.observation.feature.cooking-pit-stone","dime.find.subtype.observation.feature.cooking-pit-stone","Kogegrube m. ildskørnede sten",,,"dime.period.undated","dime.material.unknown",,,"http://vocab.getty.edu/aat/300076657","close match","HEATING AND COOKING ARCHITECTURAL ELEMENTS",,NULL
"dime.find.observation.feature.pithouse","dime.find.subtype.observation.feature.pithouse","Grubehus (oppløjet)",,,"dime.period.undated","dime.material.unknown",,,"http://vocab.getty.edu/aat/300137527","close match","SUNKEN HUTS",,NULL
"dime.find.observation.feature.posthole","dime.find.subtype.observation.feature.posthole","Stolpehul (oppløjet)",,,"dime.period.undated","dime.material.unknown",,,"http://vocab.getty.edu/aat/300400666","close match","POSTHOLES",,NULL
"dime.find.observation.slag","dime.find.subtype.observation.slag","Slagge",,,"dime.period.undated","dime.material.unknown",,,"http://vocab.getty.edu/aat/300011790","exact match","SLAG",,NULL
"dime.find.observation.stones","dime.find.subtype.observation.stones","Brolægning · Røse",,,"dime.period.undated","dime.material.unknown",,,"http://vocab.getty.edu/aat/300053677","close match","paving",,NULL
"dime.find.other","dime.find.class.other","Andre fundgrupper",,,"dime.period.undated","dime.material.unknown",,,"http://vocab.getty.edu/aat/-","-",,,"15"
"dime.find.other.ceramics","dime.find.subtype.other.ceramics","Keramik",,,"dime.period.undated","dime.material.ceramic",,,"http://vocab.getty.edu/aat/300249323","exact match","POTSHERDS",,NULL
"dime.find.other.ceramics.bottom-shard","dime.find.subtype.other.ceramics.bottom-shard","Bundskår",,,"dime.period.undated","dime.material.ceramic",,,"http://vocab.getty.edu/aat/300249323","close match","POTSHERDS",,NULL
"dime.find.other.ceramics.foot-shard","dime.find.subtype.other.ceramics.foot-shard","Fod (keramik)",,,"dime.period.undated","dime.material.ceramic",,,"http://vocab.getty.edu/aat/300249323","close match","POTSHERDS",,NULL
"dime.find.other.ceramics.handle-shard","dime.find.subtype.other.ceramics.handle-shard","Hank (keramik)",,,"dime.period.undated","dime.material.ceramic",,,"http://vocab.getty.edu/aat/300249323","close match","POTSHERDS",,NULL
"dime.find.other.ceramics.rim-shard","dime.find.subtype.other.ceramics.rim-shard","Randskår",,,"dime.period.undated","dime.material.ceramic",,,"http://vocab.getty.edu/aat/300263317","close match","RIM SHERDS",,NULL
"dime.find.other.ceramics.side-shard","dime.find.subtype.other.ceramics.side-shard","Sideskår",,,"dime.period.undated","dime.material.ceramic",,,"http://vocab.getty.edu/aat/300249323","close match","POTSHERDS",,NULL
"dime.find.other.crush-stone","dime.find.subtype.other.crush-stone","Knusesten",,,"dime.period.undated","dime.material.stone",,,"http://vocab.getty.edu/aat/300024854","exact match","HAMMERSTONES",,NULL
"dime.find.other.drywall","dime.find.subtype.other.drywall","Tørmursflise",,,"dime.period.undated","dime.material.stone",,,"vocab.getty.edu/aat/300011376","close match","sandstone",,NULL
"dime.find.other.firestone","dime.find.subtype.other.firestone","Ildsten · Ildslagningssten",,,"dime.period.undated","dime.material.stone",,,"http://vocab.getty.edu/aat/300024642","exact match","FIRE-MAKING AND CONTROLLING EQUIPMENT",,NULL
"dime.find.other.flint-arrow","dime.find.subtype.other.flint-arrow","Pilespids (flint)",,,"dime.period.stone","dime.material.flint",,,"http://vocab.getty.edu/aat/300024861","exact match","ARROWHEADS",,NULL
"dime.find.other.flint-arrow.flake","dime.find.subtype.other.flint-arrow.flake","Tværpil (flint)",,,"dime.period.stone","dime.material.flint",,,"http://vocab.getty.edu/aat/300024861","close match","ARROWHEADS",,NULL
"dime.find.other.flint-arrow.knapped","dime.find.subtype.other.flint-arrow.knapped","Fladehugget pilespids",,,"dime.period.stone","dime.material.flint",,,"http://vocab.getty.edu/aat/300024861","close match","ARROWHEADS",,NULL
"dime.find.other.flint-axe","dime.find.subtype.other.flint-axe","Flintøkse",,,"dime.period.stone","dime.material.flint",,,"http://vocab.getty.edu/aat/300400808","close match","AX HEADS",,NULL
"dime.find.other.flint-axe.disk","dime.find.subtype.other.flint-axe.disk","Skiveøkse (flint)",,,"dime.period.stone","dime.material.flint",,,"http://vocab.getty.edu/aat/300023604","close match","WOODWORKING AXES",,NULL
"dime.find.other.flint-axe.grinded","dime.find.subtype.other.flint-axe.grinded","Sleben flintøkse",,,"dime.period.stone","dime.material.flint",,,"http://vocab.getty.edu/aat/300400808","close match","AX HEADS",,NULL
"dime.find.other.flint-axe.un-grinded","dime.find.subtype.other.flint-axe.un-grinded","Usleben flintøkse",,,"dime.period.stone","dime.material.flint",,,"http://vocab.getty.edu/aat/300400808","close match","AX HEADS",,NULL
"dime.find.other.flint-block","dime.find.subtype.other.flint-block","Flækkeblok",,,"dime.period.stone","dime.material.flint","flint",,"http://vocab.getty.edu/aat/300011143","close match","FLINT (ROCK)",,NULL
"dime.find.other.flint-dagger","dime.find.subtype.other.flint-dagger","Flintdolk",,,"dime.period.stone","dime.material.flint",,,"http://vocab.getty.edu/aat/300024662","close match","CUTTING TOOLS",,NULL
"dime.find.other.flint-debris","dime.find.subtype.other.flint-debris","Flintafslag",,,"dime.period.stone","dime.material.flint",,,"http://vocab.getty.edu/aat/300379567","close match","LITHICS",,NULL
"dime.find.other.flint-flake","dime.find.subtype.other.flint-flake","Flintflække",,,"dime.period.stone","dime.material.flint",,,"http://vocab.getty.edu/aat/300379567","close match","LITHICS",,NULL
"dime.find.other.flint-plank","dime.find.subtype.other.flint-plank","Flintplanke",,,"dime.period.stone","dime.material.flint",,,"http://vocab.getty.edu/aat/300011143","close match","FLINT (ROCK)",,NULL
"dime.find.other.flint-tool","dime.find.subtype.other.flint-tool","Flintredskab · Skraber · Bor",,,"dime.period.stone","dime.material.flint",,,"http://vocab.getty.edu/aat/300400611","close match","CHOPPING TOOLS (PREHISTORIC CUTTING TOOLS)",,NULL
"dime.find.other.fossil","dime.find.subtype.other.fossil","Fossil",,,"dime.period.prehistoric","dime.material.stone",,,"http://vocab.getty.edu/aat/300247919","exact match","FOSSILS",,NULL
"dime.find.other.fossil.belemnite","dime.find.subtype.other.fossil.belemnite","Vættelys (forstenet)",,,"dime.period.prehistoric","dime.material.stone",,,"http://vocab.getty.edu/aat/300247919","close match","FOSSILS",,NULL
"dime.find.other.fossil.sea-urchin","dime.find.subtype.other.fossil.sea-urchin","Søpindsvin (forstenet)",,,"dime.period.prehistoric","dime.material.stone",,,"http://vocab.getty.edu/aat/300247919","close match","FOSSILS",,NULL
"dime.find.other.grindstone","ny","Hvæssesten",,,"dime.period.undated","dime.material.stone",,,"http://vocab.getty.edu/aat/300023299","exact match","whetstones",,NULL
"dime.find.other.mill-stone","dime.find.subtype.other.mill-stone","Kværnsten",,,"dime.period.undated","dime.material.stone",,,"http://vocab.getty.edu/aat/300263933","exact match","GRINDING STONES",,NULL
"dime.find.other.soap-stone","ny","Klæbersten",,,"dime.period.viking.medieval","dime.material.stone",,,"http://vocab.getty.edu/aat/300011665","exact match","soapstone (metamorphic rock)",,NULL
"dime.find.other.soap-stone.vessel","ny","Klæberstenskar",,,"dime.period.undated","dime.material.stone",,,"http://vocab.getty.edu/aat/300011665","close match","soapstone (metamorphic rock)",,NULL
"dime.find.other.stone-axe","dime.find.subtype.other.stone-axe","Bjergartsøkse",,,"dime.period.prehistoric","dime.material.stone",,,"http://vocab.getty.edu/aat/300400808","close match","AX HEADS",,NULL
"dime.find.other.stone-axe.single-grave-axe","dime.find.subtype.other.stone-axe.single-grave-axe","Enkeltgravsøkse · Stridsøkse",,,"dime.period.prehistoric","dime.material.stone",,,"http://vocab.getty.edu/aat/300400808","close match","AX HEADS",,NULL
"dime.find.other.tool-antler","dime.find.subtype.other.tool-antler","Redskab af ben, tak eller horn",,,"dime.period.prehistoric","dime.material.bone",,,"http://vocab.getty.edu/aat/300011796","exact match","ANTLER (MATERIAL)",,NULL
"dime.find.plane","ny","Del af fly (eller andet flyvende fartøj)","1800","2020","dime.period.modern","dime.material.unknown",,,"http://vocab.getty.edu/aat/300216063","close match","heavier than air aircraft",,"11"
"dime.find.rawmaterial","dime.find.subtype.metal.other;","Råmateriale",,,"dime.period.undated","dime.material.unknown",,,"http://vocab.getty.edu/aat/findes ikke","close match",,,"6"
"dime.find.rawmaterial.casting","dime.find.subtype.metal.rest","Støbekegle · Støberest",,,"dime.period.undated","dime.material.unknown","støberest",,"http://vocab.getty.edu/aat/findes ikke","close match",,,NULL
"dime.find.rawmaterial.ingot","dime.find.subtype.metal.ingot;dime.find.subtype.tool.measure.ingot","Barre",,,"dime.period.undated","dime.material.unknown",,,"http://vocab.getty.edu/aat/300137865","exact match","INGOT",,NULL
"dime.find.rawmaterial.slag","dime.find.subtype.metal.slag","Slagge",,,"dime.period.undated","dime.material.unknown",,,"http://vocab.getty.edu/aat/300011790","close match","SLAG",,NULL
"dime.find.symbol","ny","Symbolsk genstand",,,"dime.period.undated","dime.material.unknown",,,,"bum bum dont know",,,"8"
"dime.find.symbol.cross","ny","Kors uden øsken (med øsken = ""korsformet vedhæng"")",,,"dime.period.medieval","dime.material.unknown",,,"http://vocab.getty.edu/aat/300010044","close match","crosses (motifs)",,NULL
"dime.find.symbol.crucifix","ny","Krucifix uden øsken (med øsken = ""korsformet vedhæng"")",,,"dime.period.medieval","dime.material.unknown",,,"http://vocab.getty.edu/aat/300248835","exact match","crucifixes",,NULL
"dime.find.symbol.guldgubbe","dime.find.subtype.tool.writing.guldgubbe","Guldgubbe",,,"dime.period.iron.late","dime.material.gold",,,"http://vocab.getty.edu/aat/300011021","close match"," gold (metal)",,NULL
"dime.find.symbol.lead_amulet","dime.find.subtype.tool.writing.bylamulet;dime.find.subtype.tool.writing.runebrev","Blyamulet (""runebreve"")",,,"dime.period.viking.medieval","dime.material.lead",,,"http://vocab.getty.edu/aat/300266585","close match","AMULETS",,NULL
"dime.find.symbol.miniature","ny","Symbolsk miniature genstand uden øsken (med øsken = ""hængesmykke"")",,,"dime.period.prehistoric","dime.material.unknown",,,"http://vocab.getty.edu/aat/300266585","close match","AMULETS",,NULL
"dime.find.symbol.miniature.axe","ny","Miniatureøkse uden øsken (med øsken = ""hængesmykke"")",,,"dime.period.prehistoric","dime.material.unknown",,,"http://vocab.getty.edu/aat/300266585","close match","AMULETS",,NULL
"dime.find.symbol.miniature.dagger","ny","Miniaturedolk uden øsken (med øsken = ""hængesmykke"")",,,"dime.period.prehistoric","dime.material.unknown",,,"http://vocab.getty.edu/aat/300266585","close match","AMULETS",,NULL
"dime.find.symbol.miniature.shield","ny","Miniatureskjold uden øsken (med øsken = ""hængesmykke"")",,,"dime.period.prehistoric","dime.material.unknown",,,"http://vocab.getty.edu/aat/300266585","close match","AMULETS",,NULL
"dime.find.symbol.miniature.spearhead","ny","Miniaturespyd/-lanse uden øsken (med øsken = ""hængesmykke"")",,,"dime.period.prehistoric","dime.material.unknown",,,"http://vocab.getty.edu/aat/300266585","close match","AMULETS",,NULL
"dime.find.symbol.miniature.sword","ny","Miniaturesværd uden øsken (med øsken = ""hængesmykke"")",,,"dime.period.prehistoric","dime.material.unknown",,,"http://vocab.getty.edu/aat/300266585","close match","AMULETS",,NULL
"dime.find.symbol.miniature.thorshammer","ny","Miniature thorshammer uden øsken (med øsken = ""hængesmykke"")","750","1066","dime.period.prehistoric","dime.material.unknown",,,"http://vocab.getty.edu/aat/300266585","close match","AMULETS",,NULL
"dime.find.symbol.miniature.vessel","ny","Miniaturefartøj uden øsken (med øsken = ""hængesmykke"")",,,"dime.period.prehistoric","dime.material.unknown",,,"http://vocab.getty.edu/aat/300266585","close match","AMULETS",,NULL
"dime.find.symbol.miniature.wheel","ny","Miniaturevognhjul uden øsken (med øsken = ""hængesmykke"")",,,"dime.period.prehistoric","dime.material.unknown",,,"http://vocab.getty.edu/aat/300266585","close match","AMULETS",,NULL
"dime.find.tool","dime.find.class.tool;dime.find.subtype.tool.writing.unknown;dime.find.subtype.tool.house;dime.find.subtype.tool.house.cutlery;dime.find.subtype.tool.house.unknown;dime.find.subtype.tool.house.other;dime.find.subtype.tool.writing;dime.find.subtype.tool.work.unknown;dime.find.subtype.tool.other;dime.find.subtype.tool.toilet.unknown;dime.find.subtype.tool.toilet;dime.find.subtype.tool.toilet.other;dime.find.subtype.tool.work.fitting;dime.find.subtype.tool.unknown;dime.find.subtype.tool.work.other;dime.find.subtype.tool.work","Redskab/værktøj",,,"dime.period.undated","dime.material.unknown",,,"http://vocab.getty.edu/aat/",,,,"3"
"dime.find.tool.awl","ny","Syl",,,"dime.period.undated","dime.material.unknown",,,"http://vocab.getty.edu/aat/300024663","exact match","awls",,NULL
"dime.find.tool.axe","dime.find.subtype.military.melee.axe","Økse",,,"dime.period.undated","dime.material.unknown",,,"http://vocab.getty.edu/aat/300024664","close match","AXES (TOOLS)",,NULL
"dime.find.tool.axe.flat_copper",,"Flad kobberøkse",,,"dime.find.tool.axe","dime.material.copper",,,"http://vocab.getty.edu/page/aat/300024664","close match","AXES (TOOLS)",,NULL
"dime.find.tool.axe.paalstav","ny","Pålstav","-1800","-1100","dime.period.bronze.early.2","dime.material.copperalloy","økse;bronzealder",,"http://vocab.getty.edu/aat/300024664","close match","AXES (TOOLS)",,NULL
"dime.find.tool.axe.randliste","ny","Randlisteøkse","-2000","-1700","dime.period.bronze.early","dime.material.copperalloy",,,"http://vocab.getty.edu/aat/300024664","close match","AXES (TOOLS)",,NULL
"dime.find.tool.axe.shaft_hole","ny","Skafthuløkse",,,"dime.period.prehistoric","dime.material.copperalloy",,,"http://vocab.getty.edu/aat/300024664","close match","AXES (TOOLS)",,NULL
"dime.find.tool.axe.socketed","ny","Dølleøkse/Celt",,,"dime.period.prehistoric","dime.material.unknown",,,"http://vocab.getty.edu/aat/300024664","close match","AXES (TOOLS)",,NULL
"dime.find.tool.book_mount",,"Bogbeslag","1067","1950","dime.period.historic","dime.material.copperalloy",,,"http://vocab.getty.edu/aat/300171585","close match","mounts (attachments)",,NULL
"dime.find.tool.book_mount.clasp","dime.find.subtype.tool.writing.clasp","Bogbeslag, spænde","1067","1950","dime.period.historic","dime.material.copperalloy",,,"http://vocab.getty.edu/aat/300171585","close match","mounts (attachments)",,NULL
"dime.find.tool.candlestick","dime.find.subtype.tool.house.light","Lysestage",,,"dime.period.historic","dime.material.unknown",,,"http://vocab.getty.edu/aat/300022238","close match","TOOLS AND EQUIPMENT (HIERARCHY NAME)",,NULL
"dime.find.tool.catching","ny","Fangstredskab",,,"dime.period.undated","dime.material.unknown",,,"http://vocab.getty.edu/aat/300247420","close match","traps (trapping equipment)",,NULL
"dime.find.tool.catching.fishing","ny","Fiskeredskab",,,"dime.period.undated","dime.material.unknown",,,"http://vocab.getty.edu/aat/300247419","close match","equipment for fishing, hunting, and trapping",,NULL
"dime.find.tool.catching.fishing.hook","ny","Fiskekrog",,,"dime.period.undated","dime.material.unknown",,,"http://vocab.getty.edu/aat/300024418","exact match","fishhooks",,NULL
"dime.find.tool.catching.fishing.spear","ny","Lyster",,,"dime.period.undated","dime.material.iron",,,"http://vocab.getty.edu/aat/300037044","exact match","fishing spears",,NULL
"dime.find.tool.chisel","dime.find.subtype.tool.work.chisel","Mejsel",,,"dime.period.undated","dime.material.unknown",,,"http://vocab.getty.edu/aat/300024665","close match","CHISELS",,NULL
"dime.find.tool.clock","ny","Ur",,,"dime.period.modern","dime.material.unknown",,,"http://vocab.getty.edu/aat/300041575","close match","clocks",,NULL
"dime.find.tool.clock.key","ny","Nøgle til ur",,,"dime.period.modern","dime.material.unknown","uroptræk",,"http://vocab.getty.edu/aat/300423300","exact match","clock key",,NULL
"dime.find.tool.coffin_mount","ny","Kistebeslag","1067","2020","dime.period.undated","dime.material.unknown",,,"http://vocab.getty.edu/aat/300171585","close match","mounts (attachments)",,NULL
"dime.find.tool.comb","dime.find.subtype.tool.toilet.comb","Kam",,,"dime.period.undated","dime.material.unknown",,,"http://vocab.getty.edu/aat/300236397","close match","COMBS (GROOMING TOOLS)",,NULL
"dime.find.tool.container","dime.find.subtype.tool.house.crockery","Beholder",,,"dime.period.undated","dime.material.unknown",,,"http://vocab.getty.edu/aat/300042973","close match","DISHES (VESSELS FOR FOOD)",,NULL
"dime.find.tool.container.beaker","ny","Bæger",,,"dime.period.undated","dime.material.unknown",,,"http://vocab.getty.edu/aat/300199747","exact match","beakers (pouring vessels)",,NULL
"dime.find.tool.container.bottle","ny","Flaske",,,"dime.period.modern","dime.material.glass",,,"http://vocab.getty.edu/aat/300045627","exact match","bottles",,NULL
"dime.find.tool.container.bottle.cap","ny","Flaskekapsel",,,"dime.period.modern","dime.material.unknown",,,"http://vocab.getty.edu/aat/300420961","exact match","bottle caps ",,NULL
"dime.find.tool.container.bottle.cork","ny","Flaskeprop",,,"dime.period.modern","dime.material.unknown",,,"http://vocab.getty.edu/aat/300420961","close match","bottle caps ",,NULL
"dime.find.tool.container.bowl","ny","Skål",,,"dime.period.undated","dime.material.unknown",,,"http://vocab.getty.edu/aat/300203596","exact match","bowls (vessels)",,NULL
"dime.find.tool.container.bucket","ny","Spand",,,"dime.period.undated","dime.material.unknown",,,"http://vocab.getty.edu/aat/300045651","exact match"," buckets (vessels)",,NULL
"dime.find.tool.container.can","ny","Dåse",,,"dime.period.modern","dime.material.aluminium",,,"http://vocab.getty.edu/aat/300045657","exact match","cans (containers)",,NULL
"dime.find.tool.container.case","ny","Etui",,,"dime.period.modern","dime.material.unknown",,,"http://vocab.getty.edu/aat/300045659","exact match","cases (containers)",,NULL
"dime.find.tool.container.condom_box","ny","Kondomæske","1900","2020","dime.period.modern","dime.material.aluminium",,,"http://vocab.getty.edu/aat/300045643","close match","boxes (containers)",,NULL
"dime.find.tool.container.cup","ny","Kop · Krus",,,"dime.period.undated","dime.material.unknown",,,"http://vocab.getty.edu/aat/300043202","exact match","cups (drinking vessels)",,NULL
"dime.find.tool.container.dish","ny","Fad",,,"dime.period.undated","dime.material.unknown",,,"http://vocab.getty.edu/aat/300042973","exact match","dishes (vessels for food)",,NULL
"dime.find.tool.container.drinking_horn","ny","Drikkehornsbeslag","1","1066","dime.period.undated","dime.material.unknown",,,"http://vocab.getty.edu/aat/300043229","close match","drinking horns",,NULL
"dime.find.tool.container.goblet","ny","Pokal",,,"dime.period.undated","dime.material.unknown",,,"http://vocab.getty.edu/aat/300043236","exact match","goblets",,NULL
"dime.find.tool.container.jug","ny","Kande",,,"dime.period.undated","dime.material.unknown",,,"http://vocab.getty.edu/aat/300045685","exact match","jugs (vessels)",,NULL
"dime.find.tool.container.kettle","ny","Kedel",,,"dime.period.undated","dime.material.unknown",,,"http://vocab.getty.edu/aat/300195349","exact match","kettles (vessels)",,NULL
"dime.find.tool.container.lid","ny","Låg",,,"dime.period.undated","dime.material.unknown",,,"http://vocab.getty.edu/aat/300045712","exact match","lids (covers)",,NULL
"dime.find.tool.container.mortar","ny","Morter",,,"dime.period.undated","dime.material.unknown",,,"http://vocab.getty.edu/aat/300024724","exact match","mortars (grinding tools)",,NULL
"dime.find.tool.container.plate","ny","Tallerken",,,"dime.period.undated","dime.material.unknown",,,"http://vocab.getty.edu/aat/300042991","exact match","plates (general, dishes)",,NULL
"dime.find.tool.container.pot","dime.find.subtype.tool.house.pot","Gryde",,,"dime.period.undated","dime.material.unknown",,,"http://vocab.getty.edu/aat/300045697","exact match","pots (containers)",,NULL
"dime.find.tool.container.shrine","ny","Skrin","800","2020","dime.period.undated","dime.material.unknown",,,"http://vocab.getty.edu/aat/300039006","exact match","caskets (personal gear)",,NULL
"dime.find.tool.container.shrine.lock","ny","Skrinlås",,,"dime.period.undated","dime.material.unknown",,,"http://vocab.getty.edu/aat/300039006","close match","caskets (personal gear)",,NULL
"dime.find.tool.container.shrine.mount","ny","Skrinbeslag","800","2020","dime.period.undated","dime.material.unknown",,,"http://vocab.getty.edu/aat/300039006","close match","caskets (personal gear)",,NULL
"dime.find.tool.container.sieve","ny","Si · Sigte",,,"dime.period.undated","dime.material.unknown",,,"http://vocab.getty.edu/aat/300201088","exact match","sieves",,NULL
"dime.find.tool.container.vessel","ny","Kar",,,"dime.period.undated","dime.material.unknown",,,"http://vocab.getty.edu/aat/300193015","exact match","vessels (containers)",,NULL
"dime.find.tool.drill","dime.find.subtype.tool.work.drill","Bor",,,"dime.period.undated","dime.material.unknown",,,"http://vocab.getty.edu/aat/300024663","exact match","AWLS",,NULL
"dime.find.tool.ear_spoon","dime.find.subtype.tool.toilet.ear","Øreske",,,"dime.period.undated","dime.material.unknown",,,"http://vocab.getty.edu/aat/300238982","close match","PERSONAL EQUIPMENT",,NULL
"dime.find.tool.engine","dime.find.subtype.tool.work-engine","Maskindel/del af elektrisk apparat","1900","2020","dime.period.modern","dime.material.unknown",,,"http://vocab.getty.edu/aat/300167846","close match","MACHINES (GENERAL EQUIPMENT)",,NULL
"dime.find.tool.fire_striker","dime.find.subtype.tool.house.striker","Ildstål",,,"dime.period.undated","dime.material.unknown",,,"http://vocab.getty.edu/aat/300266523","exact match","FIRESTEELS",,NULL
"dime.find.tool.fork","ny","Gaffel",,,"dime.period.modern","dime.material.unknown",,,"http://vocab.getty.edu/aat/300043099","exact match","forks (flatware)",,NULL
"dime.find.tool.furniture","dime.find.subtype.tool.house.fixtures","Møbelbeslag",,,"dime.period.modern","dime.material.unknown",,,"http://vocab.getty.edu/aat/300171585","close match","mounts (attachments)",,NULL
"dime.find.tool.furniture.handle","ny","Møbelhåndtag",,,"dime.period.modern","dime.material.unknown",,,"http://vocab.getty.edu/aat/300171585","close match","mounts (attachments)",,NULL
"dime.find.tool.furniture.mount","ny","Møbelpyntebeslag",,,"dime.period.modern","dime.material.unknown",,,"http://vocab.getty.edu/aat/300171585","close match","mounts (attachments)",,NULL
"dime.find.tool.glasses","ny","Briller",,,"dime.period.modern","dime.material.unknown",,,"http://vocab.getty.edu/aat/300236409","exact match","SPECTACLES (EYEGLASSES)",,NULL
"dime.find.tool.hammer","dime.find.subtype.tool.work.hammer","Hammer",,,"dime.period.undated","dime.material.unknown",,,"http://vocab.getty.edu/aat/300024823","exact match","HAMMERS (TOOLS)",,NULL
"dime.find.tool.hand_sickle","ny","Segl",,,"dime.period.undated","dime.material.unknown",,,"http://vocab.getty.edu/aat/300264860","exact match","sickles",,NULL
"dime.find.tool.hook","ny","Knage",,,"dime.period.undated","dime.material.unknown",,,"http://vocab.getty.edu/aat/300298924","exact match","wall hooks (clothing)",,NULL
"dime.find.tool.knife","dime.find.subtype.tool.work.knife;dime.find.subtype.tool.house.knife","Kniv",,,"dime.period.undated","dime.material.unknown",,,"http://vocab.getty.edu/aat/300024668","exact match","knives",,NULL
"dime.find.tool.knife.blade","ny","Knivklinge",,,"dime.period.undated","dime.material.unknown","knivblad",,"http://vocab.getty.edu/aat/300024917","close match","blades (tool and equipment components)",,NULL
"dime.find.tool.knife.hilt","ny","Knivhjalte",,,"dime.period.undated","dime.material.unknown",,,"http://vocab.getty.edu/aat/300037119","exact match","hilts",,NULL
"dime.find.tool.knife.mount","ny","Knivskedebeslag",,,"dime.period.viking.medieval","dime.material.copperalloy",,,"http://vocab.getty.edu/aat/300198733","close match","sheaths (cases)",,NULL
"dime.find.tool.knife.mount.vendisk","ny","Knivskedebeslag, ombukket blik","1000","1200","dime.period.viking.medieval","dime.material.copperalloy","vendisk",,"http://vocab.getty.edu/aat/300198733","close match","sheaths (cases)",,NULL
"dime.find.tool.knife.pommel","ny","Grebendebeslag, kniv ",,,"dime.period.historic","dime.material.copperalloy",,,"http://vocab.getty.edu/aat/300037126","close match","pommels (handles)",,NULL
"dime.find.tool.knife.razor","dime.find.subtype.tool.toilet.razor","Ragekniv",,,"dime.period.bronze.late","dime.material.copperalloy",,,"http://vocab.getty.edu/aat/300236438","close match","RAZORS",,NULL
"dime.find.tool.knife.table","ny","Spisekniv",,,"dime.period.undated","dime.material.unknown",,,"http://vocab.getty.edu/aat/300024668","exact match","knives",,NULL
"dime.find.tool.lamp","ny","Lampe",,,"dime.period.modern","dime.material.unknown",,,"http://vocab.getty.edu/aat/300037592","exact match","lamps (lighting devices)",,NULL
"dime.find.tool.lead_seal","dime.find.subtype.tool.writing.seal","Plombe","1067","1950","dime.period.historic","dime.material.unknown",,,"http://vocab.getty.edu/aat/300028877","exact match","SEALS (ARTIFACTS)",,NULL
"dime.find.tool.lead_seal.administrative","ny","Plombe, forvaltning","1067","1950","dime.period.historic","dime.material.lead",,,"http://vocab.getty.edu/aat/300028877","close match","SEALS (ARTIFACTS)",,NULL
"dime.find.tool.lead_seal.administrative.duty","ny","Plombe, told","1067","1950","dime.period.historic","dime.material.lead",,,"http://vocab.getty.edu/aat/300028877","close match","SEALS (ARTIFACTS)",,NULL
"dime.find.tool.lead_seal.administrative.railway","ny","Plombe, jernbane","1800","1950","dime.period.historic","dime.material.lead",,,"http://vocab.getty.edu/aat/300028877","close match","SEALS (ARTIFACTS)",,NULL
"dime.find.tool.lead_seal.administrative.tax","ny","Plombe, skat","1067","1950","dime.period.historic","dime.material.lead",,,"http://vocab.getty.edu/aat/300028877","close match","SEALS (ARTIFACTS)",,NULL
"dime.find.tool.lead_seal.goods",,"Plombe, handelsvare","1067","1950","dime.period.historic","dime.material.lead","løsgods",,"http://vocab.getty.edu/aat/300028877","close match","SEALS (ARTIFACTS)",,NULL
"dime.find.tool.lead_seal.goods.agricultural","ny","Plombe, foderstof, såsæd el. gødning","1067","1950","dime.period.historic","dime.material.unknown",,,"http://vocab.getty.edu/aat/300028877","close match","SEALS (ARTIFACTS)",,NULL
"dime.find.tool.lead_seal.goods.cloth","dime.find.subtype.tool.textile.cloth-seal","Plombe, klæde","1067","1950","dime.period.historic","dime.material.lead",,,"http://vocab.getty.edu/aat/300028877","close match","SEALS (ARTIFACTS)",,NULL
"dime.find.tool.lead_seal.goods.flour","ny","Plombe, mel","1067","1950","dime.period.historic","dime.material.lead",,,"http://vocab.getty.edu/aat/300028877","close match","SEALS (ARTIFACTS)",,NULL
"dime.find.tool.lead_seal.goods.salt","ny","Plombe, salt","1067","1950","dime.period.historic","dime.material.lead",,,"http://vocab.getty.edu/aat/300028877","close match","SEALS (ARTIFACTS)",,NULL
"dime.find.tool.lock","dime.find.subtype.tool.house.lock","Lås",,,"dime.period.undated","dime.material.unknown",,,"http://vocab.getty.edu/aat/300033407","close match","LOCKS (SECURING DEVICES)",,NULL
"dime.find.tool.lock.key","dime.find.subtype.tool.house.key","Nøgle til lås",,,"dime.period.undated","dime.material.unknown",,,"http://vocab.getty.edu/aat/300033579","exact match","KEYS (HARDWARE)",,NULL
"dime.find.tool.matrix","dime.find.subtype.tool.work-matrix","Matrice",,,"dime.period.undated","dime.material.unknown",,,"http://vocab.getty.edu/aat/300266816","close match","matrices (copper molds)",,NULL
"dime.find.tool.model","ny","Støbemodel",,,"dime.period.undated","dime.material.unknown",,,,"bum bum dont know",,,NULL
"dime.find.tool.mold","dime.find.subtype.metal.mold","Støbeform",,,"dime.period.undated","dime.material.unknown",,,"http://vocab.getty.edu/aat/300422800","exact match","CASTING MOLD",,NULL
"dime.find.tool.nail","dime.find.subtype.tool.work.rivet","Nagle",,,"dime.period.undated","dime.material.iron",,,"http://vocab.getty.edu/aat/300033565","close match","nails (fasteners)",,NULL
"dime.find.tool.nail.clincker_nail","ny","Klinkplade",,,"dime.period.undated","dime.material.iron",,,"http://vocab.getty.edu/aat/300036425","close match","rivets",,NULL
"dime.find.tool.nail.clincker_plate","ny","Klinknagle",,,"dime.period.undated","dime.material.iron",,,"http://vocab.getty.edu/aat/300036425","close match","rivets",,NULL
"dime.find.tool.ordinary_nail","dime.find.subtype.tool.work.nail","Søm",,,"dime.period.undated","dime.material.iron",,,"http://vocab.getty.edu/aat/300033565","exact match","NAILS (FASTENERS)",,NULL
"dime.find.tool.patrice","ny","Patrice",,,"dime.period.undated","dime.material.copperalloy",,,"http://vocab.getty.edu/aat/300024814","close match","molds (shaping equipment)",,NULL
"dime.find.tool.pipe","ny","Pibe",,,"dime.period.modern","dime.material.unknown",,,"http://vocab.getty.edu/aat/300248067","exact match","pipes (smoking equipment)",,NULL
"dime.find.tool.pipe.mount","ny","Pibebeslag",,,"dime.period.modern","dime.material.unknown",,,"http://vocab.getty.edu/aat/300248067","close match","pipes (smoking equipment)",,NULL
"dime.find.tool.pliars","dime.find.subtype.tool.work.pliars","Tang",,,"dime.period.undated","dime.material.iron",,,"http://vocab.getty.edu/aat/300024748","exact match","TONGS (DEVICES)",,NULL
"dime.find.tool.plug","ny","Klinkeprop",,,"dime.period.historic","dime.material.lead",,,"http://vocab.getty.edu/aat/300011022","close match","LEAD (METAL)",,NULL
"dime.find.tool.punch","ny","Punsel",,,"dime.period.undated","dime.material.iron",,,"http://vocab.getty.edu/aat/300024790","exact match","punches (marking tools)",,NULL
"dime.find.tool.rivet","ny","Nitte",,,"dime.period.undated","dime.material.unknown",,,"http://vocab.getty.edu/aat/300036425","exact match","rivets",,NULL
"dime.find.tool.scale","dime.find.subtype.tool.measure.scale","Vægt",,,"dime.period.undated","dime.material.unknown",,,"http://vocab.getty.edu/aat/300195708","exact match","WEIGHING DEVICES",,NULL
"dime.find.tool.scissors","dime.find.subtype.tool.house.scissors;dime.find.subtype.tool.textile.scissors","Saks",,,"dime.period.undated","dime.material.iron",,,"http://vocab.getty.edu/aat/300023459","exact match","SCISSORS",,NULL
"dime.find.tool.screw","ny","Skrue",,,"dime.period.modern","dime.material.iron",,,"http://vocab.getty.edu/aat/300033568","exact match","screws",,NULL
"dime.find.tool.sickle","dime.find.subtype.tool.work.sickle","Le",,,"dime.period.undated","dime.material.unknown",,,"http://vocab.getty.edu/aat/300264860","exact match","SICKLES",,NULL
"dime.find.tool.sled","ny","Del af slæde",,,"dime.period.undated","dime.material.unknown",,,"http://vocab.getty.edu/aat/300216402","close match","sleds",,NULL
"dime.find.tool.spigot","ny","Taphane",,,"dime.period.historic","dime.material.unknown",,,"http://vocab.getty.edu/aat/300197240","exact match","spigots",,NULL
"dime.find.tool.spoon","ny","Ske",,,"dime.period.undated","dime.material.unknown",,,"http://vocab.getty.edu/aat/300197240","exact match","spoons",,NULL
"dime.find.tool.staple","ny","Krampe",,,"dime.period.undated","dime.material.unknown",,,"http://vocab.getty.edu/aat/300048934","exact match","staple nails",,NULL
"dime.find.tool.stylos","dime.find.subtype.tool.writing.stylus","Stylos","1067","1800","dime.period.undated","dime.material.unknown",,,"http://vocab.getty.edu/aat/300022483","exact match","STYLUSES (WRITING EQUIPMENT)",,NULL
"dime.find.tool.textile","dime.find.subtype.tool.textile;dime.find.subtype.tool.textile.unknown","Tekstilredskab",,,"dime.period.undated","dime.material.unknown",,,"http://vocab.getty.edu/aat/300163224","exact match","TEXTILE WORKING EQUIPMENT",,NULL
"dime.find.tool.textile.crocket_hook","ny","Hæklenål",,,"dime.period.historic","dime.material.unknown",,,"http://vocab.getty.edu/aat/300023492","exact match","crochet hooks",,NULL
"dime.find.tool.textile.knitting_needle","ny","Strikkepind",,,"dime.period.historic","dime.material.unknown",,,"http://vocab.getty.edu/aat/300024789","exact match","NEEDLES (PIERCING TOOLS)",,NULL
"dime.find.tool.textile.needle_sheath","dime.find.subtype.tool.textile.case","Nålehylster",,,"dime.period.undated","dime.material.unknown",,,"http://vocab.getty.edu/aat/300023451","close match","NEEDLE CASES",,NULL
"dime.find.tool.textile.sewing_needle","dime.find.subtype.tool.textile.needle","Synål",,,"dime.period.undated","dime.material.unknown",,,"http://vocab.getty.edu/aat/300024789","exact match","NEEDLES (PIERCING TOOLS)",,NULL
"dime.find.tool.textile.spindle_hook","dime.find.subtype.tool.textile.spindlehook","Tenkrog",,,"dime.period.medieval","dime.material.copperalloy",,,"http://vocab.getty.edu/aat/300163224","close match","TEXTILE WORKING EQUIPMENT",,NULL
"dime.find.tool.textile.spindle_whorl","dime.find.subtype.tool.textile.whorl","Tenvægt",,,"dime.period.undated","dime.material.unknown",,,"http://vocab.getty.edu/aat/300263796","exact match","WHORLS (SPINDLE FLYWHEELS)",,NULL
"dime.find.tool.textile.thimble","dime.find.subtype.tool.textile.thimble","Fingerbøl",,,"dime.period.undated","dime.material.unknown",,,"http://vocab.getty.edu/aat/300247551","exact match","THIMBLES",,NULL
"dime.find.tool.toy","dime.find.subtype.tool.toy;dime.find.subtype.tool.toy.other;dime.find.subtype.tool.toy.unknown","Legetøj (inkl. spillerekvisiter)",,,"dime.period.undated","dime.material.unknown",,,"http://vocab.getty.edu/aat/300211037","close match","TOYS (RECREATIONAL ARTIFACTS)",,NULL
"dime.find.tool.toy.dice","dime.find.subtype.tool.toy.dice","Terning",,,"dime.period.undated","dime.material.unknown",,,"http://vocab.getty.edu/aat/300211084","exact match","DICE",,NULL
"dime.find.tool.toy.game_piece","dime.find.subtype.tool.toy.counter","Spillebrik",,,"dime.period.undated","dime.material.unknown",,,"http://vocab.getty.edu/aat/300211101","exact match","GAME PIECES (GAME ELEMENTS)",,NULL
"dime.find.tool.toy.miniature","ny","Legetøj · Miniaturegenstand",,,"dime.period.undated","dime.material.unknown",,,"http://vocab.getty.edu/aat/300211037","close match","toys (recreational artifacts)",,NULL
"dime.find.tool.toy.miniature.car","ny","Legetøjsbil","1890","2020","dime.period.modern","dime.material.unknown",,,"http://vocab.getty.edu/aat/300211037","close match","toys (recreational artifacts)",,NULL
"dime.find.tool.toy.miniature.tin_soldier","ny","Tinsoldat","1800","2020","dime.period.modern","dime.material.unknown",,,"http://vocab.getty.edu/aat/300211037","close match","TOYS (RECREATIONAL ARTEFACTS)",,NULL
"dime.find.tool.tweezers","dime.find.subtype.tool.toilet.tweezers","Pincet",,,"dime.period.undated","dime.material.unknown",,,"http://vocab.getty.edu/aat/300024749","exact match","TWEEZERS",,NULL
"dime.find.tool.vehicle","ny","Del af køretøj (f.eks. bil, trillebør, cykel, vogn)",,,"dime.period.undated","dime.material.unknown",,,"http://vocab.getty.edu/aat/300212968","close match","land vehicles",,NULL
"dime.find.tool.vehicle.wagon","ny","Del af hestevogn",,,"dime.period.undated","dime.material.unknown",,,"http://vocab.getty.edu/aat/300185335","exact match","CARRIAGES (VEHICLES)",,NULL
"dime.find.tool.vehicle.wagon.decoration","ny","Del af hestevogn, pyntebeslag",,,"dime.period.undated","dime.material.unknown",,,"http://vocab.getty.edu/aat/300185335","close match","CARRIAGES (VEHICLES)",,NULL
"dime.find.tool.vehicle.wagon.decoration.box","ny","Pladebeslag til vognkasse",,,"dime.period.undated","dime.material.unknown",,,"http://vocab.getty.edu/aat/300227856","close match","land vehicles",,NULL
"dime.find.tool.vehicle.wagon.functional_mount","ny","Del af hestevogn, funktionsbeslag",,,"dime.period.undated","dime.material.unknown",,,"http://vocab.getty.edu/aat/300212968","close match","land vehicles",,NULL
"dime.find.tool.vehicle.wagon.functional_mount.box_corner","ny","Hjørnebeslag til vognkasse",,,"dime.period.undated","dime.material.unknown",,,"http://vocab.getty.edu/aat/300212968","close match","land vehicles",,NULL
"dime.find.tool.vehicle.wagon.functional_mount.hub_bolt","ny","Navlåsebolt til vognhjul",,,"dime.period.undated","dime.material.unknown",,,"http://vocab.getty.edu/aat/300212968","close match","land vehicles",,NULL
"dime.find.tool.vehicle.wagon.functional_mount.hub_sleeve","ny","Navmuffe til vognhjul",,,"dime.period.undated","dime.material.unknown",,,"http://vocab.getty.edu/aat/300212968","close match","land vehicles",,NULL
"dime.find.tool.vehicle.wagon.functional_mount.rein_guides","ny","Tømmeguider til hestevogn",,,"dime.period.undated","dime.material.unknown",,,"http://vocab.getty.edu/aat/300212968","close match","land vehicles",,NULL
"dime.find.tool.vehicle.wagon.functional_mount.rim","ny","Fælgrem til vognhjul",,,"dime.period.undated","dime.material.unknown",,,"http://vocab.getty.edu/aat/300212968","close match","land vehicles",,NULL
"dime.find.tool.vehicle.wagon.functional_mount.rim_mount","ny","Fælgbeslag til vognhjul",,,"dime.period.undated","dime.material.unknown",,,"http://vocab.getty.edu/aat/300212968","close match","land vehicles",,NULL
"dime.find.tool.vehicle.wagon.functional_mount.ring","ny","Ringbeslag til hestevogn",,,"dime.period.undated","dime.material.unknown",,,"http://vocab.getty.edu/aat/300212968","close match","land vehicles",,NULL
"dime.find.tool.vehicle.wagon.functional_mount.suspension","ny","Ophængningsbeslag til hestevogn",,,"dime.period.undated","dime.material.unknown",,,"http://vocab.getty.edu/aat/300212968","close match","land vehicles",,NULL
"dime.find.tool.vessel","ny","Del af båd · Skib",,,"dime.period.undated","dime.material.unknown",,,"http://vocab.getty.edu/aat/300042940","exact match","watercraft",,NULL
"dime.find.tool.weight","dime.find.subtype.tool.measure.weight","Vægtlod",,,"dime.period.undated","dime.material.unknown",,,"http://vocab.getty.edu/aat/300197555","exact match","WEIGHTS (SCALE COMPONENTS)",,NULL
"dime.find.tool.weight.coin","ny","Møntvægtlod","1067","1800","dime.period.undated","dime.material.unknown",,,"http://vocab.getty.edu/aat/300254280","exact match","coin weights",,NULL
"dime.find.tool.weight.conic","ny","Vægtlod, konisk","1000","1536","dime.period.undated","dime.material.unknown","kegleformet;stub",,"http://vocab.getty.edu/aat/300197555","close match","weights (scale components)",,NULL
"dime.find.tool.weight.cubic","ny","Vægtlod, kubisk","1000","1536","dime.period.viking","dime.material.unknown","kasseformet;terningformet",,"http://vocab.getty.edu/aat/300197555","close match","weights (scale components)",,NULL
"dime.find.tool.weight.poly","ny","Vægtlod, polyedrisk","750","1067","dime.period.viking.medieval","dime.material.unknown","mangekantet",,"http://vocab.getty.edu/aat/300197555","close match","weights (scale components)",,NULL
"dime.find.tool.weight.spherical","ny","Vægtlod, bipolært","900","1150","dime.period.viking.medieval","dime.material.unknown","kuglevægtlod;sfærisk;rundt;flade poler;tøndeformet",,"http://vocab.getty.edu/aat/300197555","close match","weights (scale components)",,NULL
"dime.find.tool.weight.tablet_shape","ny","Vægtlod, skiveformet","200","1536","dime.period.undated","dime.material.unknown","cylindrisk vægtlod;tabletformet",,"http://vocab.getty.edu/aat/300197555","close match","weights (scale components)",,NULL
"dime.find.unassessed","dime.find.class.unassessed","Afventer bestemmelse","-250000","2020","dime.period.undated","dime.material.unknown",,,,"bum bum dont know",,,"21"
"dime.find.unknown","dime.find.subtype.metal.unknown;dime.find.class.unknown;dime.find.class.metal","Ubestemt","-250000","2020","dime.period.undated","dime.material.unknown","ubestemt;ukendt;uvis",,"http://vocab.getty.edu/aat/300010900","close match","METAL",,"20"
"dime.find.unknown.ball","ny","Ubestemt - kugle","-2000","2020","dime.period.undated","dime.material.unknown",,,"http://vocab.getty.edu/aat/300217875","exact match","balls (object genres)",,NULL
"dime.find.unknown.lump","ny","Ubestemt - Klump (ikke blik, plade, ring, kugle el. stang)","-2000","2020","dime.period.undated","dime.material.unknown",,,,"bum bum dont know",,,NULL
"dime.find.unknown.plate","ny","Ubestemt - Plade (min. 1 mm tyk)","-2000","2020","dime.period.undated","dime.material.unknown",,,"http://vocab.getty.edu/aat/300122241","close match","EQUIPMENT",,NULL
"dime.find.unknown.ring","ny","Ubestemt - Ring ","-2000","2020","dime.period.undated","dime.material.unknown",,,"http://vocab.getty.edu/aat/300263678","exact match","rings (object genres)",,NULL
"dime.find.unknown.rod","ny","Ubestemt - Stang (minimum længde 2 x bredde)","-2000","2020","dime.period.undated","dime.material.unknown",,,"http://vocab.getty.edu/aat/300014669","close match","rods (object genre)",,NULL
"dime.find.unknown.sheet_metal","dime.find.subtype.metal.tin","Ubestemt - Blik (maks. 1 mm tyk)","-2000","2020","dime.period.undated","dime.material.unknown","sølvpapir",,"http://vocab.getty.edu/aat/300122241","close match","EQUIPMENT",,NULL
"dime.find.weapon","dime.find.subtype.military.unknown;dime.find.class.military;dime.find.subtype.military.other","Våben",,,"dime.period.undated","dime.material.unknown",,,"http://vocab.getty.edu/aat/300036926","close match","WEAPONS",,"9"
"dime.find.weapon.ammunition","dime.find.subtype.military.ammunition","Ammunition",,,"dime.period.undated","dime.material.unknown",,,"http://vocab.getty.edu/aat/300227076","close match","PROJECTILE WEAPON COMPONENTS",,NULL
"dime.find.weapon.ammunition.arrowhead","ny","Pilespids",,,"dime.period.undated","dime.material.unknown",,,"http://vocab.getty.edu/aat/300024861","exact match","arrowheads",,NULL
"dime.find.weapon.ammunition.bullet","ny","Kugle",,,"dime.period.undated","dime.material.unknown",,,"http://vocab.getty.edu/aat/300201694","exact match","bullets",,NULL
"dime.find.weapon.ammunition.bullet.canon","ny","Kanonkugle",,,"dime.period.historic","dime.material.iron",,,"http://vocab.getty.edu/aat/300201708","exact match","cannonballs",,NULL
"dime.find.weapon.ammunition.bullet.musket","ny","Musketkugle",,,"dime.period.historic","dime.material.lead",,,"http://vocab.getty.edu/aat/300429396","exact match","musket balls",,NULL
"dime.find.weapon.ammunition.crossbow_piont","dime.find.subtype.military.arrow","Armbrøstpil/-bolt","1200","1800","dime.period.historic","dime.material.unknown",,,"http://vocab.getty.edu/aat/300210977","exact match","BOLTS (ARROWS)",,NULL
"dime.find.weapon.ammunition.grenade","ny","Granat",,,"dime.period.historic","dime.material.unknown",,,"http://vocab.getty.edu/aat/300204028","exact match","grenades",,NULL
"dime.find.weapon.ammunition.projectile","ny","Projektil",,,"dime.period.historic","dime.material.unknown",,,"http://vocab.getty.edu/aat/300024860","exact match","projectile points",,NULL
"dime.find.weapon.ammunition.projectile.breechloader","ny","Projektil, baglader","1400","2020","dime.period.historic","dime.material.unknown",,,"http://vocab.getty.edu/aat/300024860","close match","projectile points",,NULL
"dime.find.weapon.ammunition.projectile.muzzleloader","ny","Projektil, forlader","1400","2020","dime.period.historic","dime.material.lead",,,"http://vocab.getty.edu/aat/300024860","close match","projectile points",,NULL
"dime.find.weapon.ammunition.shell","ny","Patronhylster",,,"dime.period.historic","dime.material.copperalloy",,,"http://vocab.getty.edu/aat/300204078","exact match","shells (ammunition)",,NULL
"dime.find.weapon.armor","ny","Rustning",,,"dime.period.historic","dime.material.iron",,,"http://vocab.getty.edu/aat/300036746","exact match","BODY ARMOR",,NULL
"dime.find.weapon.chain_mail","dime.find.subtype.military.armor","Ringbrynje",,,"dime.period.historic","dime.material.iron",,,"http://vocab.getty.edu/aat/300299206","exact match","shirts of mail",,NULL
"dime.find.weapon.firearm","dime.find.subtype.military.firearm","Skyde-/ kastevåben",,,"dime.period.historic","dime.material.unknown",,,"http://vocab.getty.edu/aat/300037148","exact match","FIREARMS",,NULL
"dime.find.weapon.firearm.canon","ny","Kanon","1400","1900","dime.period.historic","dime.material.unknown",,,"http://vocab.getty.edu/aat/300036936","exact match","cannons (artillery)",,NULL
"dime.find.weapon.firearm.crossbow","ny","Armbrøst","1200","1800","dime.period.historic","dime.material.unknown",,,"http://vocab.getty.edu/aat/300037000","exact match","crossbows",,NULL
"dime.find.weapon.firearm.crossbow.counterweight","ny","Armbrøst, kontravægt (typisk kors i bly)","1200","1800","dime.period.historic","dime.material.unknown",,,"http://vocab.getty.edu/aat/300037000","close match","crossbows",,NULL
"dime.find.weapon.firearm.gun","ny","Gevær","1400","2020","dime.period.historic","dime.material.unknown",,,"http://vocab.getty.edu/aat/300037148","close match","firearms",,NULL
"dime.find.weapon.firearm.gun.breechloader","ny","Bagladegevær","1400","2020","dime.period.historic","dime.material.unknown",,,"http://vocab.getty.edu/aat/300037148","close match","firearms",,NULL
"dime.find.weapon.firearm.gun.muzzleloader","ny","Forladegevær","1400","2020","dime.period.historic","dime.material.unknown",,,"http://vocab.getty.edu/aat/300037148","close match","firearms",,NULL
"dime.find.weapon.firearm.handgun","ny","Håndvåben",,,"dime.period.historic","dime.material.unknown",,,"http://vocab.getty.edu/aat/300037148","close match","firearms",,NULL
"dime.find.weapon.firearm.handgun.pistol","ny","Pistol",,,"dime.period.historic","dime.material.unknown",,,"http://vocab.getty.edu/aat/300037148","close match","firearms",,NULL
"dime.find.weapon.firearm.handgun.pistol.breechloader","ny","Pistol, baglader",,,"dime.period.historic","dime.material.unknown",,,"http://vocab.getty.edu/aat/300037148","close match","firearms",,NULL
"dime.find.weapon.firearm.handgun.pistol.muzzleloader","ny","Pistol, forlader",,,"dime.period.historic","dime.material.unknown",,,"http://vocab.getty.edu/aat/300037148","close match","firearms",,NULL
"dime.find.weapon.firearm.handgun.revolver","ny","Håndvåben · Revolver",,,"dime.period.historic","dime.material.unknown",,,"http://vocab.getty.edu/aat/300037148","close match","firearms",,NULL
"dime.find.weapon.firearm.spear","dime.find.subtype.military.melee.pointed","Spyd",,,"dime.period.undated","dime.material.unknown",,,"http://vocab.getty.edu/aat/300037038","exact match","spears (weapons)",,NULL
"dime.find.weapon.firearm.spearhead","ny","Spydspids",,,"dime.period.undated","dime.material.unknown",,,"http://vocab.getty.edu/aat/300037118","exact match","spearheads",,NULL
"dime.find.weapon.helmet","dime.find.subtype.military.helmet","Hjelm",,,"dime.period.undated","dime.material.unknown",,,"http://vocab.getty.edu/aat/300036794","exact match","HELMETS (PROTECTIVE WEAR)",,NULL
"dime.find.weapon.helmet.mount","ny","Hjelmbeslag",,,"dime.period.undated","dime.material.copperalloy",,,"http://vocab.getty.edu/aat/300036794","close match","HELMETS (PROTECTIVE WEAR)",,NULL
"dime.find.weapon.scabbard",,"Sværdskede",,,"dime.period.undated","dime.material.unknown",,,"http://vocab.getty.edu/aat/300037139","exact match","SCABBARDS",,NULL
"dime.find.weapon.scabbard.attach","dime.find.subtype.military.fitting.sheath","Skedebeslag, ophæng",,,"dime.period.undated","dime.material.copperalloy",,,"http://vocab.getty.edu/aat/300122241","close match","EQUIPMENT",,NULL
"dime.find.weapon.scabbard.belt-hook","ny","Skedebeslag, bæltekrog",,,"dime.period.undated","dime.material.copperalloy",,,"http://vocab.getty.edu/aat/300037139","close match","SCABBARDS",,NULL
"dime.find.weapon.scabbard.chape","dime.find.subtype.military.melee.chape","Skedebeslag, dupsko",,,"dime.period.undated","dime.material.copperalloy",,,"http://vocab.getty.edu/aat/300390955","exact match","CHAPES (WEAPON COMPONENTS)",,NULL
"dime.find.weapon.scabbard.mount","ny","Skedebeslag, mundblik ",,,"dime.period.undated","dime.material.copperalloy",,,"http://vocab.getty.edu/aat/300037139","close match","SCABBARDS",,NULL
"dime.find.weapon.shield","dime.find.subtype.military.shield","Skjold",,,"dime.period.undated","dime.material.unknown",,,"http://vocab.getty.edu/aat/300222454","exact match","SHIELDS (ARMOR)",,NULL
"dime.find.weapon.shield.boss","ny","Skjoldbule",,,"dime.period.undated","dime.material.iron",,,"http://vocab.getty.edu/aat/300222454","close match","shield components",,NULL
"dime.find.weapon.shield.handle","ny","Skjold, grebbeslag",,,"dime.period.undated","dime.material.unknown",,,"http://vocab.getty.edu/aat/300222454","close match","shield components",,NULL
"dime.find.weapon.shield.rivet","ny","Skjold, pyntenitte",,,"dime.period.undated","dime.material.unknown",,,"http://vocab.getty.edu/aat/300222454","close match","shield components",,NULL
"dime.find.weapon.stabbing","dime.find.subtype.military.melee.unknown;dime.find.subtype.military.melee;dime.find.subtype.military.melee.other","Slag-/Stikvåben",,,"dime.period.undated","dime.material.unknown",,,"http://vocab.getty.edu/aat/300203726","exact match","PERCUSSIVE WEAPONS",,NULL
"dime.find.weapon.stabbing.club","dime.find.subtype.military.melee.blunt","Stridskølle",,,"dime.period.undated","dime.material.unknown",,,"http://vocab.getty.edu/aat/300203726","close match","PERCUSSIVE WEAPONS",,NULL
"dime.find.weapon.stabbing.dagger","dime.find.subtype.military.melee.knife","Dolk",,,"dime.period.undated","dime.material.unknown",,,"http://vocab.getty.edu/aat/300037058","exact match","DAGGERS (WEAPONS)",,NULL
"dime.find.weapon.stabbing.lance","ny","Lanse",,,"dime.period.undated","dime.material.unknown",,,"http://vocab.getty.edu/aat/300037038","close match","spears (weapons)",,NULL
"dime.find.weapon.stabbing.lance.mount",,"Lanse, beslag",,,"dime.period.undated","dime.material.unknown",,,"http://vocab.getty.edu/aat/300037038","close match","spears (weapons)",,NULL
"dime.find.weapon.stabbing.lance.point",,"Lanse, spids",,,"dime.period.undated","dime.material.unknown",,,"http://vocab.getty.edu/aat/300037038","close match","spears (weapons)",,NULL
"dime.find.weapon.stabbing.sabre","ny","Sabel",,,"dime.period.undated","dime.material.unknown",,,"http://vocab.getty.edu/aat/300037086","exact match","sabers",,NULL
"dime.find.weapon.stabbing.sabre.blade",,"Sabel, klinge",,,"dime.period.undated","dime.material.unknown",,,"http://vocab.getty.edu/aat/300037086","close match","sabers",,NULL
"dime.find.weapon.stabbing.sabre.handle",,"Sabel, greb",,,"dime.period.undated","dime.material.unknown",,,"http://vocab.getty.edu/aat/300037086","close match","sabers",,NULL
"dime.find.weapon.stabbing.sword","dime.find.subtype.military.melee.sword","Sværd",,,"dime.period.undated","dime.material.unknown",,,"http://vocab.getty.edu/aat/300037048","exact match","SWORDS",,NULL
"dime.find.weapon.stabbing.sword.blade","ny","Sværd, klinge",,,"dime.period.undated","dime.material.unknown",,,"http://vocab.getty.edu/aat/300037048","close match","SWORDS",,NULL
"dime.find.weapon.stabbing.sword.handle","ny","sværd, greb",,,"dime.period.undated","dime.material.unknown",,,"http://vocab.getty.edu/aat/300037048","close match","SWORDS",,NULL
"dime.find.weapon.stabbing.sword.hilt","ny","Sværd, underhjalte (parrerstang)",,,"dime.period.undated","dime.material.unknown",,,"http://vocab.getty.edu/aat/300037119","close match","hilts",,NULL
"dime.find.weapon.stabbing.sword.pommel","ny","Sværd, fæsteknap (overhjalte, pommel)",,,"dime.period.undated","dime.material.unknown",,,"http://vocab.getty.edu/aat/300037119","close match","hilts",,NULL
